1303AC240101,本科生,男,环境2013-1
1303AC240102,本科生,男,环境2013-1
1303AC240103,本科生,男,环境2013-1
1303AC240105,本科生,男,环境2013-1
1303AC240106,本科生,男,环境2013-1
1303AC240108,本科生,男,环境2013-1
1303AC240110,本科生,男,环境2013-1
1303AC240111,本科生,男,环境2013-1
1303AC240112,本科生,男,环境2013-1
1303AC240113,本科生,男,环境2013-1
1303AC240114,本科生,男,环境2013-1
1303AC240116,本科生,男,环境2013-1
1303AC240118,本科生,男,环境2013-1
1303AC240119,本科生,男,环境2013-1
1303AC240121,本科生,男,环境2013-1
1303AC240122,本科生,男,环境2013-1
1303AC240123,本科生,男,环境2013-1
1303AC240124,本科生,男,环境2013-1
1303AC240125,本科生,男,环境2013-1
1303AC240126,本科生,男,环境2013-1
1303AC240128,本科生,男,环境2013-1
1303AC240129,本科生,男,环境2013-1
1303AC240130,本科生,男,环境2013-1
1303AC240204,本科生,男,环境2013-2
1303AC240205,本科生,男,环境2013-2
1303AC240206,本科生,男,环境2013-2
1303AC240207,本科生,男,环境2013-2
1303AC240214,本科生,男,环境2013-2
1303AC240215,本科生,男,环境2013-2
1303AC240216,本科生,男,环境2013-2
1303AC240217,本科生,男,环境2013-2
1303AC240218,本科生,男,环境2013-2
1303AC240219,本科生,男,环境2013-2
1303AC240220,本科生,男,环境2013-2
1303AC240221,本科生,男,环境2013-2
1303AC240222,本科生,男,环境2013-2
1303AC240223,本科生,男,环境2013-2
1303AC240225,本科生,男,环境2013-2
1303AC240226,本科生,男,环境2013-2
1303AC240227,本科生,男,环境2013-2
1303AC240228,本科生,男,环境2013-2
1303AC240229,本科生,男,环境2013-2
1303AC340102,本科生,男,高材2013-1
1303AC340103,本科生,男,高材2013-1
1303AC340104,本科生,男,高材2013-1
1303AC340106,本科生,男,高材2013-1
1303AC340110,本科生,男,高材2013-1
1303AC340111,本科生,男,高材2013-1
1303AC340112,本科生,男,高材2013-1
1303AC340114,本科生,男,高材2013-1
1303AC340116,本科生,男,高材2013-1
1303AC340117,本科生,男,高材2013-1
1303AC340118,本科生,男,高材2013-1
1303AC340123,本科生,男,高材2013-1
1303AC340126,本科生,男,高材2013-1
1303AC340201,本科生,男,高材2013-2
1303AC340202,本科生,男,高材2013-2
1303AC340203,本科生,男,高材2013-2
1303AC340204,本科生,男,高材2013-2
1303AC340205,本科生,男,高材2013-2
1303AC340208,本科生,男,高材2013-2
1303AC340209,本科生,男,高材2013-2
1303AC340211,本科生,男,高材2013-2
1303AC340213,本科生,男,高材2013-2
1303AC340214,本科生,男,高材2013-2
1303AC340216,本科生,男,高材2013-2
1303AC340218,本科生,男,高材2013-2
1303AC340219,本科生,男,高材2013-2
1303AC340221,本科生,男,高材2013-2
1303AC340223,本科生,男,高材2013-2
1303AC340225,本科生,男,高材2013-2
1303AC340227,本科生,男,高材2013-2
1303AC340228,本科生,男,高材2013-2
1303AD140101,本科生,男,应化2013-1
1303AD140102,本科生,男,应化2013-1
1303AD140103,本科生,男,应化2013-1
1303AD140104,本科生,男,应化2013-1
1303AD140106,本科生,男,应化2013-1
1303AD140107,本科生,男,应化2013-1
1303AD140108,本科生,男,应化2013-1
1303AD140109,本科生,男,应化2013-1
1303AD140110,本科生,男,应化2013-1
1303AD140111,本科生,男,应化2013-1
1303AD140112,本科生,男,应化2013-1
1303AD140113,本科生,男,应化2013-1
1303AD140115,本科生,男,应化2013-1
1303AD140117,本科生,男,应化2013-1
1303AD140118,本科生,男,应化2013-1
1303AD140119,本科生,男,应化2013-1
1303AD140121,本科生,男,应化2013-1
1303AD140123,本科生,男,应化2013-1
1303AD140124,本科生,男,应化2013-1
1303AD140126,本科生,男,应化2013-1
1303AD140201,本科生,男,应化2013-2
1303AD140203,本科生,男,应化2013-2
1303AD140206,本科生,男,应化2013-2
1303AD140207,本科生,男,应化2013-2
1303AD140209,本科生,男,应化2013-2
1303AD140210,本科生,男,应化2013-2
1303AD140211,本科生,男,应化2013-2
1303AD140213,本科生,男,应化2013-2
1303AD140214,本科生,男,应化2013-2
1303AD140216,本科生,男,应化2013-2
1303AD140220,本科生,男,应化2013-2
1303AD140221,本科生,男,应化2013-2
1303AD140222,本科生,男,应化2013-2
1303AD140223,本科生,男,应化2013-2
1303AD140225,本科生,男,应化2013-2
1303AD240101,本科生,男,化学2013-1
1303AD240102,本科生,男,化学2013-1
1303AD240104,本科生,男,化学2013-1
1303AD240105,本科生,男,化学2013-1
1303AD240106,本科生,男,化学2013-1
1303AD240107,本科生,男,化学2013-1
1303AD240109,本科生,男,化学2013-1
1303AD240110,本科生,男,化学2013-1
1303AD240111,本科生,男,化学2013-1
1303AD240112,本科生,男,化学2013-1
1303AD240113,本科生,男,化学2013-1
1303AD240114,本科生,男,化学2013-1
1303AD240116,本科生,男,化学2013-1
1303AD240118,本科生,男,化学2013-1
1303AD240123,本科生,男,化学2013-1
1303AD240124,本科生,男,化学2013-1
1403AC240101,本科生,女,环境2014-1
1403AC240102,本科生,女,环境2014-1
1403AC240103,本科生,女,环境2014-1
1403AC240105,本科生,女,环境2014-1
1403AC240106,本科生,女,环境2014-1
1403AC240108,本科生,女,环境2014-1
1403AC240109,本科生,女,环境2014-1
1403AC240111,本科生,女,环境2014-1
1403AC240112,本科生,女,环境2014-1
1403AC240113,本科生,女,环境2014-1
1403AC240114,本科生,女,环境2014-1
1403AC240119,本科生,男,环境2014-1
1403AC240120,本科生,男,环境2014-1
1403AC240122,本科生,男,环境2014-1
1403AC240123,本科生,男,环境2014-1
1403AC240124,本科生,男,环境2014-1
1403AC240125,本科生,男,环境2014-1
1403AC240126,本科生,男,环境2014-1
1403AC240129,本科生,男,环境2014-1
1403AC240205,本科生,女,环境2014-2
1403AC240207,本科生,女,环境2014-2
1403AC240209,本科生,女,环境2014-2
1403AC240212,本科生,女,环境2014-2
1403AC240213,本科生,女,环境2014-2
1403AC240214,本科生,女,环境2014-2
1403AC240215,本科生,女,环境2014-2
1403AC240216,本科生,女,环境2014-2
1403AC240218,本科生,女,环境2014-2
1403AC240219,本科生,女,环境2014-2
1403AC240220,本科生,女,环境2014-2
1403AC240222,本科生,女,环境2014-2
1403AC240223,本科生,男,环境2014-2
1403AC240229,本科生,男,环境2014-2
1403AC240230,本科生,男,环境2014-2
1403AC340101,本科生,女,高材2014-1
1403AC340102,本科生,女,高材2014-1
1403AC340103,本科生,女,高材2014-1
1403AC340104,本科生,女,高材2014-1
1403AC340105,本科生,女,高材2014-1
1403AC340106,本科生,女,高材2014-1
1403AC340107,本科生,女,高材2014-1
1403AC340109,本科生,女,高材2014-1
1403AC340110,本科生,女,高材2014-1
1403AC340112,本科生,女,高材2014-1
1403AC340113,本科生,男,高材2014-1
1403AC340114,本科生,男,高材2014-1
1403AC340115,本科生,男,高材2014-1
1403AC340116,本科生,男,高材2014-1
1403AC340118,本科生,男,高材2014-1
1403AC340119,本科生,男,高材2014-1
1403AC340120,本科生,男,高材2014-1
1403AC340121,本科生,男,高材2014-1
1403AC340124,本科生,男,高材2014-1
1403AC340125,本科生,男,高材2014-1
1403AC340126,本科生,男,高材2014-1
1403AC340127,本科生,男,高材2014-1
1403AC340128,本科生,男,高材2014-1
1403AC340129,本科生,男,高材2014-1
1403AC340131,本科生,男,高材2014-1
1403AC340201,本科生,女,高材2014-2
1403AC340202,本科生,女,高材2014-2
1403AC340203,本科生,女,高材2014-2
1403AC340204,本科生,女,高材2014-2
1403AC340205,本科生,女,高材2014-2
1403AC340206,本科生,女,高材2014-2
1403AC340207,本科生,女,高材2014-2
1403AC340208,本科生,女,高材2014-2
1403AC340209,本科生,女,高材2014-2
1403AC340210,本科生,女,高材2014-2
1403AC340211,本科生,女,高材2014-2
1403AC340212,本科生,女,高材2014-2
1403AC340214,本科生,男,高材2014-2
1403AC340215,本科生,男,高材2014-2
1403AC340216,本科生,男,高材2014-2
1403AC340217,本科生,男,高材2014-2
1403AC340218,本科生,男,高材2014-2
1403AC340220,本科生,男,高材2014-2
1403AC340221,本科生,男,高材2014-2
1403AC340222,本科生,男,高材2014-2
1403AC340223,本科生,男,高材2014-2
1403AC340224,本科生,男,高材2014-2
1403AC340225,本科生,男,高材2014-2
1403AC340226,本科生,男,高材2014-2
1403AC340228,本科生,男,高材2014-2
1403AC340230,本科生,男,高材2014-2
1403AD140102,本科生,女,应化2014-1
1403AD140104,本科生,女,应化2014-1
1403AD140105,本科生,女,应化2014-1
1403AD140106,本科生,女,应化2014-1
1403AD140107,本科生,女,应化2014-1
1403AD140109,本科生,男,应化2014-1
1403AD140112,本科生,男,应化2014-1
1403AD140113,本科生,男,应化2014-1
1403AD140115,本科生,男,应化2014-1
1403AD140118,本科生,男,应化2014-1
1403AD140119,本科生,男,应化2014-1
1403AD140120,本科生,男,应化2014-1
1403AD140121,本科生,男,应化2014-1
1403AD140122,本科生,男,应化2014-1
1403AD140124,本科生,男,应化2014-1
1403AD140127,本科生,男,应化2014-1
1403AD140201,本科生,女,应化2014-2
1403AD140205,本科生,女,应化2014-2
1403AD140207,本科生,女,应化2014-2
1403AD140211,本科生,女,应化2014-2
1403AD140214,本科生,女,应化2014-2
1403AD140219,本科生,男,应化2014-2
1403AD140221,本科生,男,应化2014-2
1403AD140222,本科生,男,应化2014-2
1403AD140223,本科生,男,应化2014-2
1403AD140224,本科生,男,应化2014-2
1403AD140225,本科生,男,应化2014-2
1403AD240101,本科生,女,化学2014-1
1403AD240102,本科生,女,化学2014-1
1403AD240103,本科生,女,化学2014-1
1403AD240104,本科生,女,化学2014-1
1403AD240105,本科生,女,化学2014-1
1403AD240106,本科生,女,化学2014-1
1403AD240107,本科生,女,化学2014-1
1403AD240108,本科生,女,化学2014-1
1403AD240109,本科生,男,化学2014-1
1403AD240110,本科生,男,化学2014-1
1403AD240111,本科生,男,化学2014-1
1403AD240114,本科生,男,化学2014-1
1403AD240115,本科生,男,化学2014-1
1403AD240116,本科生,男,化学2014-1
1403AD240118,本科生,男,化学2014-1
1403AD240119,本科生,男,化学2014-1
1403AD240123,本科生,男,化学2014-1
1403AD240127,本科生,男,化学2014-1
1403AD240128,本科生,男,化学2014-1
1403AD240129,本科生,男,化学2014-1
1503AC140133,本科生,女,化学化工学院
1503AC240102,本科生,男,环境2015-1
1503AC240103,本科生,男,环境2015-1
1503AC240104,本科生,男,环境2015-1
1503AC240106,本科生,男,环境2015-1
1503AC240107,本科生,男,环境2015-1
1503AC240108,本科生,男,环境2015-1
1503AC240110,本科生,男,环境2015-1
1503AC240111,本科生,男,环境2015-1
1503AC240113,本科生,男,环境2015-1
1503AC240114,本科生,男,环境2015-1
1503AC240115,本科生,男,环境2015-1
1503AC240116,本科生,男,环境2015-1
1503AC240117,本科生,男,环境2015-1
1503AC240118,本科生,男,环境2015-1
1503AC240119,本科生,男,环境2015-1
1503AC240120,本科生,男,环境2015-1
1503AC240121,本科生,男,环境2015-1
1503AC240126,本科生,男,环境2015-1
1503AC240128,本科生,男,环境2015-1
1503AC240129,本科生,男,环境2015-1
1503AC240132,本科生,男,环境2015-1
1503AC240134,本科生,男,环境2015-1
1503AC240135,本科生,男,环境2015-1
1503AC240201,本科生,男,环境2015-2
1503AC240202,本科生,男,环境2015-2
1503AC240203,本科生,男,环境2015-2
1503AC240204,本科生,男,环境2015-2
1503AC240205,本科生,男,环境2015-2
1503AC240206,本科生,男,环境2015-2
1503AC240207,本科生,男,环境2015-2
1503AC240208,本科生,男,环境2015-2
1503AC240209,本科生,男,环境2015-2
1503AC240210,本科生,男,环境2015-2
1503AC240211,本科生,男,环境2015-2
1503AC240212,本科生,男,环境2015-2
1503AC240213,本科生,男,环境2015-2
1503AC240214,本科生,男,环境2015-2
1503AC240215,本科生,男,环境2015-2
1503AC240216,本科生,男,环境2015-2
1503AC240217,本科生,男,环境2015-2
1503AC240218,本科生,男,环境2015-2
1503AC240219,本科生,男,环境2015-2
1503AC240220,本科生,男,环境2015-2
1503AC240221,本科生,男,环境2015-2
1503AC240222,本科生,男,环境2015-2
1503AC240223,本科生,男,环境2015-2
1503AC240224,本科生,男,环境2015-2
1503AC240225,本科生,男,环境2015-2
1503AC240226,本科生,男,环境2015-2
1503AC240227,本科生,男,环境2015-2
1503AC240228,本科生,男,环境2015-2
1503AC240229,本科生,男,环境2015-2
1503AC240230,本科生,男,环境2015-2
1503AC340101,本科生,男,高材2015-1
1503AC340102,本科生,女,高材2015-1
1503AC340104,本科生,男,高材2015-1
1503AC340108,本科生,男,高材2015-1
1503AC340109,本科生,男,高材2015-1
1503AC340112,本科生,男,高材2015-1
1503AC340113,本科生,男,高材2015-1
1503AC340114,本科生,男,高材2015-1
1503AC340117,本科生,男,高材2015-1
1503AC340122,本科生,男,高材2015-1
1503AC340123,本科生,男,高材2015-1
1503AC340201,本科生,男,高材2015-2
1503AC340202,本科生,男,高材2015-2
1503AC340203,本科生,男,高材2015-2
1503AC340208,本科生,男,高材2015-2
1503AC340209,本科生,男,高材2015-2
1503AC340212,本科生,男,高材2015-2
1503AC340214,本科生,男,高材2015-2
1503AC340215,本科生,男,高材2015-2
1503AC340217,本科生,男,高材2015-2
1503AC340218,本科生,男,高材2015-2
1503AC340221,本科生,男,高材2015-2
1503AC340222,本科生,男,高材2015-2
1503AC340223,本科生,男,高材2015-2
1503AC340224,本科生,男,高材2015-2
1503AC340225,本科生,男,高材2015-2
1503AC340226,本科生,男,高材2015-2
1503AC340227,本科生,男,高材2015-2
1503AC340228,本科生,男,高材2015-2
1503AC340230,本科生,男,高材2015-2
1503AD140101,本科生,男,应化2015-1
1503AD140103,本科生,男,应化2015-1
1503AD140104,本科生,男,应化2015-1
1503AD140105,本科生,男,应化2015-1
1503AD140106,本科生,男,应化2015-1
1503AD140108,本科生,男,应化2015-1
1503AD140109,本科生,男,应化2015-1
1503AD140110,本科生,男,应化2015-1
1503AD140111,本科生,男,应化2015-1
1503AD140112,本科生,男,应化2015-1
1503AD140113,本科生,男,应化2015-1
1503AD140114,本科生,男,应化2015-1
1503AD140117,本科生,男,应化2015-1
1503AD140121,本科生,男,应化2015-1
1503AD140122,本科生,男,应化2015-1
1503AD140124,本科生,男,应化2015-1
1503AD140125,本科生,男,应化2015-1
1503AD140126,本科生,男,应化2015-1
1503AD140127,本科生,男,应化2015-1
1503AD140132,本科生,男,应化2015-1
1503AD140133,本科生,男,应化2015-1
1503AD140134,本科生,男,应化2015-1
1503AD140201,本科生,男,应化2015-2
1503AD140202,本科生,男,应化2015-2
1503AD140203,本科生,男,应化2015-2
1503AD140204,本科生,男,应化2015-2
1503AD140205,本科生,男,应化2015-2
1503AD140206,本科生,男,应化2015-2
1503AD140207,本科生,男,应化2015-2
1503AD140208,本科生,男,应化2015-2
1503AD140209,本科生,男,应化2015-2
1503AD140210,本科生,男,应化2015-2
1503AD140211,本科生,男,应化2015-2
1503AD140212,本科生,男,应化2015-2
1503AD140213,本科生,男,应化2015-2
1503AD140214,本科生,男,应化2015-2
1503AD140215,本科生,男,应化2015-2
1503AD140216,本科生,男,应化2015-2
1503AD140217,本科生,男,应化2015-2
1503AD140218,本科生,男,应化2015-2
1503AD140219,本科生,男,应化2015-2
1503AD140220,本科生,男,应化2015-2
1503AD140221,本科生,男,应化2015-2
1503AD140222,本科生,男,应化2015-2
1503AD140223,本科生,男,应化2015-2
1503AD140224,本科生,男,应化2015-2
1503AD140225,本科生,男,应化2015-2
1503AD240101,本科生,男,化学2015-1
1503AD240102,本科生,男,化学2015-1
1503AD240103,本科生,男,化学2015-1
1503AD240105,本科生,男,化学2015-1
1503AD240106,本科生,男,化学2015-1
1503AD240107,本科生,男,化学2015-1
1503AD240109,本科生,男,化学2015-1
1503AD240114,本科生,男,化学2015-1
1503AD240116,本科生,男,化学2015-1
1503AD240117,本科生,男,化学2015-1
1503AD240121,本科生,男,化学2015-1
1503AD240122,本科生,男,化学2015-1
1503AD240124,本科生,男,化学2015-1
1503AD240125,本科生,男,化学2015-1
1503AD240127,本科生,男,化学2015-1
1503AD240128,本科生,男,化学2015-1
1603AC240101,本科生,女,环境2016-1
1603AC240102,本科生,女,环境2016-1
1603AC240103,本科生,女,环境2016-1
1603AC240104,本科生,女,环境2016-1
1603AC240105,本科生,女,环境2016-1
1603AC240106,本科生,女,环境2016-1
1603AC240109,本科生,女,环境2016-1
1603AC240114,本科生,男,环境2016-1
1603AC240115,本科生,男,环境2016-1
1603AC240201,本科生,女,环境2016-2
1603AC240203,本科生,女,环境2016-2
1603AC240204,本科生,女,环境2016-2
1603AC240205,本科生,女,环境2016-2
1603AC240206,本科生,女,环境2016-2
1603AC240207,本科生,女,环境2016-2
1603AC240208,本科生,女,环境2016-2
1603AC240210,本科生,女,环境2016-2
1603AC240212,本科生,男,环境2016-2
1603AC240214,本科生,男,环境2016-2
1603AC240215,本科生,男,环境2016-2
1603AC240216,本科生,男,环境2016-2
1603AC240217,本科生,男,环境2016-2
1603AC340101,本科生,女,高材2016-1
1603AC340102,本科生,女,高材2016-1
1603AC340104,本科生,女,高材2016-1
1603AC340106,本科生,女,高材2016-1
1603AC340109,本科生,女,高材2016-1
1603AC340110,本科生,女,高材2016-1
1603AC340118,本科生,男,高材2016-1
1603AC340124,本科生,男,高材2016-1
1603AC340125,本科生,男,高材2016-1
1603AC340128,本科生,男,高材2016-1
1603AC340130,本科生,男,高材2016-1
1603AC340201,本科生,女,高材2016-2
1603AC340202,本科生,女,高材2016-2
1603AC340203,本科生,女,高材2016-2
1603AC340204,本科生,女,高材2016-2
1603AC340205,本科生,女,高材2016-2
1603AC340206,本科生,女,高材2016-2
1603AC340207,本科生,女,高材2016-2
1603AC340209,本科生,女,高材2016-2
1603AC340210,本科生,女,高材2016-2
1603AC340211,本科生,男,高材2016-2
1603AC340212,本科生,男,高材2016-2
1603AC340213,本科生,男,高材2016-2
1603AC340214,本科生,男,高材2016-2
1603AC340217,本科生,男,高材2016-2
1603AC340218,本科生,男,高材2016-2
1603AC340219,本科生,男,高材2016-2
1603AC340220,本科生,男,高材2016-2
1603AC340224,本科生,男,高材2016-2
1603AC340227,本科生,男,高材2016-2
1603AC340229,本科生,男,高材2016-2
1603AD140101,本科生,女,应化2016-1
1603AD140102,本科生,女,应化2016-1
1603AD140103,本科生,女,应化2016-1
1603AD140104,本科生,女,应化2016-1
1603AD140105,本科生,女,应化2016-1
1603AD140106,本科生,女,应化2016-1
1603AD140108,本科生,男,应化2016-1
1603AD140110,本科生,男,应化2016-1
1603AD140111,本科生,男,应化2016-1
1603AD140112,本科生,男,应化2016-1
1603AD140113,本科生,男,应化2016-1
1603AD140201,本科生,女,应化2016-2
1603AD140202,本科生,女,应化2016-2
1603AD140203,本科生,女,应化2016-2
1603AD140204,本科生,女,应化2016-2
1603AD140205,本科生,女,应化2016-2
1603AD140207,本科生,女,应化2016-2
1603AD140211,本科生,男,应化2016-2
1603AD140212,本科生,男,应化2016-2
1603AD140216,本科生,男,应化2016-2
1603AD240101,本科生,女,化学2016-1
1603AD240102,本科生,女,化学2016-1
1603AD240103,本科生,女,化学2016-1
1603AD240104,本科生,女,化学2016-1
1603AD240106,本科生,女,化学2016-1
1603AD240107,本科生,女,化学2016-1
1603AD240109,本科生,女,化学2016-1
1603AD240110,本科生,女,化学2016-1
1603AD240113,本科生,男,化学2016-1
1603AD240114,本科生,男,化学2016-1
1603AD240115,本科生,男,化学2016-1
1603AD240124,本科生,男,化学2016-1
1603AD240126,本科生,男,化学2016-1
1603AD240127,本科生,男,化学2016-1
1703AC240101,本科生,男,环境2017-1
1703AC240102,本科生,男,环境2017-1
1703AC240103,本科生,男,环境2017-1
1703AC240104,本科生,男,环境2017-1
1703AC240105,本科生,男,环境2017-1
1703AC240106,本科生,男,环境2017-1
1703AC240107,本科生,男,环境2017-1
1703AC240108,本科生,男,环境2017-1
1703AC240109,本科生,男,环境2017-1
1703AC240110,本科生,男,环境2017-1
1703AC240111,本科生,男,环境2017-1
1703AC240112,本科生,男,环境2017-1
1703AC240113,本科生,男,环境2017-1
1703AC240114,本科生,男,环境2017-1
1703AC240115,本科生,男,环境2017-1
1703AC240116,本科生,男,环境2017-1
1703AC240117,本科生,男,环境2017-1
1703AC240118,本科生,男,环境2017-1
1703AC240201,本科生,男,环境2017-2
1703AC240202,本科生,男,环境2017-2
1703AC240203,本科生,男,环境2017-2
1703AC240204,本科生,男,环境2017-2
1703AC240205,本科生,男,环境2017-2
1703AC240206,本科生,男,环境2017-2
1703AC240207,本科生,男,环境2017-2
1703AC240208,本科生,男,环境2017-2
1703AC240209,本科生,男,环境2017-2
1703AC240210,本科生,男,环境2017-2
1703AC240211,本科生,男,环境2017-2
1703AC240212,本科生,男,环境2017-2
1703AC240213,本科生,男,环境2017-2
1703AC240214,本科生,男,环境2017-2
1703AC240215,本科生,男,环境2017-2
1703AC240216,本科生,男,环境2017-2
1703AC240217,本科生,男,环境2017-2
1703AC340101,本科生,男,高材2017-1
1703AC340102,本科生,男,高材2017-1
1703AC340103,本科生,男,高材2017-1
1703AC340104,本科生,男,高材2017-1
1703AC340105,本科生,男,高材2017-1
1703AC340106,本科生,男,高材2017-1
1703AC340107,本科生,男,高材2017-1
1703AC340108,本科生,男,高材2017-1
1703AC340109,本科生,男,高材2017-1
1703AC340110,本科生,男,高材2017-1
1703AC340111,本科生,男,高材2017-1
1703AC340112,本科生,男,高材2017-1
1703AC340113,本科生,男,高材2017-1
1703AC340114,本科生,男,高材2017-1
1703AC340115,本科生,男,高材2017-1
1703AC340116,本科生,男,高材2017-1
1703AC340117,本科生,男,高材2017-1
1703AC340118,本科生,男,高材2017-1
1703AC340119,本科生,男,高材2017-1
1703AC340120,本科生,男,高材2017-1
1703AC340121,本科生,男,高材2017-1
1703AC340122,本科生,男,高材2017-1
1703AC340123,本科生,男,高材2017-1
1703AC340124,本科生,男,高材2017-1
1703AC340125,本科生,男,高材2017-1
1703AC340126,本科生,男,高材2017-1
1703AC340127,本科生,男,高材2017-1
1703AC340128,本科生,男,高材2017-1
1703AC340201,本科生,男,高材2017-2
1703AC340202,本科生,男,高材2017-2
1703AC340203,本科生,男,高材2017-2
1703AC340204,本科生,男,高材2017-2
1703AC340205,本科生,男,高材2017-2
1703AC340206,本科生,男,高材2017-2
1703AC340207,本科生,男,高材2017-2
1703AC340208,本科生,男,高材2017-2
1703AC340209,本科生,男,高材2017-2
1703AC340210,本科生,男,高材2017-2
1703AC340211,本科生,男,高材2017-2
1703AC340212,本科生,男,高材2017-2
1703AC340213,本科生,男,高材2017-2
1703AC340214,本科生,男,高材2017-2
1703AC340215,本科生,男,高材2017-2
1703AC340216,本科生,男,高材2017-2
1703AC340217,本科生,男,高材2017-2
1703AC340218,本科生,男,高材2017-2
1703AC340219,本科生,男,高材2017-2
1703AC340220,本科生,男,高材2017-2
1703AC340221,本科生,男,高材2017-2
1703AC340222,本科生,男,高材2017-2
1703AC340223,本科生,男,高材2017-2
1703AC340224,本科生,男,高材2017-2
1703AC340225,本科生,男,高材2017-2
1703AC340226,本科生,男,高材2017-2
1703AC340227,本科生,男,高材2017-2
1703AC340228,本科生,男,高材2017-2
1703AD140101,本科生,男,应化2017-1
1703AD140102,本科生,男,应化2017-1
1703AD140103,本科生,男,应化2017-1
1703AD140104,本科生,男,应化2017-1
1703AD140105,本科生,男,应化2017-1
1703AD140106,本科生,男,应化2017-1
1703AD140107,本科生,男,应化2017-1
1703AD140108,本科生,男,应化2017-1
1703AD140109,本科生,男,应化2017-1
1703AD140110,本科生,男,应化2017-1
1703AD140111,本科生,男,应化2017-1
1703AD140112,本科生,男,应化2017-1
1703AD140113,本科生,男,应化2017-1
1703AD140114,本科生,男,应化2017-1
1703AD140115,本科生,男,应化2017-1
1703AD140116,本科生,男,应化2017-1
1703AD140117,本科生,男,应化2017-1
1703AD140118,本科生,男,应化2017-1
1703AD140119,本科生,男,应化2017-1
1703AD140120,本科生,男,应化2017-1
1703AD140121,本科生,男,应化2017-1
1703AD140122,本科生,男,应化2017-1
1703AD140123,本科生,男,应化2017-1
1703AD140124,本科生,男,应化2017-1
1703AD140125,本科生,男,应化2017-1
1703AD140126,本科生,男,应化2017-1
1703AD140127,本科生,男,应化2017-1
1703AD140128,本科生,男,应化2017-1
1703AD140129,本科生,男,应化2017-1
1703AD140130,本科生,男,应化2017-1
1703AD140131,本科生,男,应化2017-1
1703AD140132,本科生,男,应化2017-1
1703AD140133,本科生,男,应化2017-1
1703AD140134,本科生,男,应化2017-1
1703AD240101,本科生,男,化学2017-1
1703AD240102,本科生,男,化学2017-1
1703AD240103,本科生,男,化学2017-1
1703AD240104,本科生,男,化学2017-1
1703AD240105,本科生,男,化学2017-1
1703AD240106,本科生,男,化学2017-1
1703AD240107,本科生,男,化学2017-1
1703AD240108,本科生,男,化学2017-1
1703AD240109,本科生,男,化学2017-1
1703AD240110,本科生,男,化学2017-1
1703AD240111,本科生,男,化学2017-1
1703AD240112,本科生,男,化学2017-1
1703AD240113,本科生,男,化学2017-1
1703AD240114,本科生,男,化学2017-1
1703AD240115,本科生,男,化学2017-1
1703AD240116,本科生,男,化学2017-1
1703AD240117,本科生,男,化学2017-1
1703AD240118,本科生,男,化学2017-1
1703AD240119,本科生,男,化学2017-1
1703AD240120,本科生,男,化学2017-1
1703AD240121,本科生,男,化学2017-1
1703AD240122,本科生,男,化学2017-1
1703AD240123,本科生,男,化学2017-1
1703AD240124,本科生,男,化学2017-1
1703AD240125,本科生,男,化学2017-1
1703AD240126,本科生,男,化学2017-1
1703AD240127,本科生,男,化学2017-1
1703AD240128,本科生,男,化学2017-1
1703AD240129,本科生,男,化学2017-1
1703AD240130,本科生,男,化学2017-1
0119IF051401,教师,男,化学化工学院
0319GI010118,教师,女,化学化工学院
0319II101613,教师,女,化学化工学院
1019GK010082,教师,女,化学化工学院
1019HI020001,教师,女,化学化工学院
1019ID020042,教师,女,化学化工学院
1219HD020050,教师,女,化学化工学院
1219HK020525,教师,女,化学化工学院
1219IB091420,教师,男,化学化工学院
1419HI020012,教师,女,化学化工学院
1919IC020182,教师,女,化学化工学院
2119HK011517,教师,男,化学化工学院
2319IG101434,教师,女,化学化工学院
2519HJ020167,教师,女,化学化工学院
2519IB020140,教师,女,化学化工学院
2619GH010131,教师,女,化学化工学院
2619IC020446,教师,女,化学化工学院
2619ID110090,教师,男,化学化工学院
