双层牛肉堡,5,2022-07-12
单层鳕鱼堡,2,2022-07-12
薯条,9,2022-07-12
可乐,7,2022-07-12
双层牛肉堡,1,2022-07-11
单层鳕鱼堡,10,2022-07-11
薯条,3,2022-07-11
可乐,6,2022-07-11
双层牛肉堡,4,2022-07-10
单层鳕鱼堡,3,2022-07-10
薯条,4,2022-07-10
可乐,3,2022-07-10
双层牛肉堡,6,2022-07-09
单层鳕鱼堡,7,2022-07-09
薯条,7,2022-07-09
可乐,9,2022-07-09
双层牛肉堡,4,2022-07-08
单层鳕鱼堡,4,2022-07-08
薯条,5,2022-07-08
可乐,3,2022-07-08
双层牛肉堡,6,2022-07-07
单层鳕鱼堡,8,2022-07-07
薯条,7,2022-07-07
可乐,3,2022-07-07
双层牛肉堡,3,2022-07-06
单层鳕鱼堡,4,2022-07-06
薯条,8,2022-07-06
可乐,7,2022-07-06
双层牛肉堡,3,2022-07-05
单层鳕鱼堡,10,2022-07-05
薯条,4,2022-07-05
可乐,3,2022-07-05
双层牛肉堡,1,2022-07-04
单层鳕鱼堡,7,2022-07-04
薯条,10,2022-07-04
可乐,6,2022-07-04
双层牛肉堡,9,2022-07-03
单层鳕鱼堡,4,2022-07-03
薯条,8,2022-07-03
可乐,4,2022-07-03
双层牛肉堡,9,2022-07-02
单层鳕鱼堡,10,2022-07-02
薯条,7,2022-07-02
可乐,10,2022-07-02
双层牛肉堡,7,2022-07-01
单层鳕鱼堡,7,2022-07-01
薯条,10,2022-07-01
可乐,3,2022-07-01
双层牛肉堡,10,2022-06-30
单层鳕鱼堡,10,2022-06-30
薯条,7,2022-06-30
可乐,3,2022-06-30
双层牛肉堡,1,2022-06-29
单层鳕鱼堡,2,2022-06-29
薯条,2,2022-06-29
可乐,2,2022-06-29
双层牛肉堡,2,2022-06-28
单层鳕鱼堡,6,2022-06-28
薯条,3,2022-06-28
可乐,3,2022-06-28
双层牛肉堡,2,2022-06-27
单层鳕鱼堡,2,2022-06-27
薯条,6,2022-06-27
可乐,5,2022-06-27
双层牛肉堡,2,2022-06-26
单层鳕鱼堡,5,2022-06-26
薯条,6,2022-06-26
可乐,2,2022-06-26
双层牛肉堡,8,2022-06-25
单层鳕鱼堡,5,2022-06-25
薯条,3,2022-06-25
可乐,3,2022-06-25
双层牛肉堡,10,2022-06-24
单层鳕鱼堡,6,2022-06-24
薯条,4,2022-06-24
可乐,8,2022-06-24
双层牛肉堡,10,2022-06-23
单层鳕鱼堡,5,2022-06-23
薯条,7,2022-06-23
可乐,3,2022-06-23
