1304AC140101,本科生,男,机自2013-1
1304AC140102,本科生,男,机自2013-1
1304AC140103,本科生,男,机自2013-1
1304AC140104,本科生,男,机自2013-1
1304AC140105,本科生,男,机自2013-1
1304AC140106,本科生,男,机自2013-1
1304AC140107,本科生,男,机自2013-1
1304AC140108,本科生,男,机自2013-1
1304AC140109,本科生,男,机自2013-1
1304AC140110,本科生,男,机自2013-1
1304AC140112,本科生,男,机自2013-1
1304AC140114,本科生,男,机自2013-1
1304AC140115,本科生,男,机自2013-1
1304AC140116,本科生,男,机自2013-1
1304AC140118,本科生,男,机自2013-1
1304AC140119,本科生,男,机自2013-1
1304AC140120,本科生,男,机自2013-1
1304AC140121,本科生,男,机自2013-1
1304AC140122,本科生,男,机自2013-1
1304AC140124,本科生,男,机自2013-1
1304AC140125,本科生,男,机自2013-1
1304AC140128,本科生,男,机自2013-1
1304AC140129,本科生,男,机自2013-1
1304AC140130,本科生,男,机自2013-1
1304AC140131,本科生,男,机自2013-1
1304AC140132,本科生,男,机自2013-1
1304AC140201,本科生,男,机自2013-2
1304AC140202,本科生,男,机自2013-2
1304AC140203,本科生,男,机自2013-2
1304AC140204,本科生,男,机自2013-2
1304AC140205,本科生,男,机自2013-2
1304AC140206,本科生,男,机自2013-2
1304AC140207,本科生,男,机自2013-2
1304AC140208,本科生,男,机自2013-2
1304AC140209,本科生,男,机自2013-2
1304AC140210,本科生,男,机自2013-2
1304AC140211,本科生,男,机自2013-2
1304AC140217,本科生,男,机自2013-2
1304AC140218,本科生,男,机自2013-2
1304AC140219,本科生,男,机自2013-2
1304AC140220,本科生,男,机自2013-2
1304AC140222,本科生,男,机自2013-2
1304AC140224,本科生,男,机自2013-2
1304AC140226,本科生,男,机自2013-2
1304AC140227,本科生,男,机自2013-2
1304AC140228,本科生,男,机自2013-2
1304AC140230,本科生,男,机自2013-2
1304AC140231,本科生,男,机自2013-2
1304AC140301,本科生,男,机自2013-3
1304AC140302,本科生,男,机自2013-3
1304AC140303,本科生,男,机自2013-3
1304AC140304,本科生,男,机自2013-3
1304AC140305,本科生,男,机自2013-3
1304AC140306,本科生,男,机自2013-3
1304AC140307,本科生,男,机自2013-3
1304AC140308,本科生,男,机自2013-3
1304AC140309,本科生,男,机自2013-3
1304AC140310,本科生,男,机自2013-3
1304AC140311,本科生,男,机自2013-3
1304AC140312,本科生,男,机自2013-3
1304AC140317,本科生,男,机自2013-3
1304AC140319,本科生,男,机自2013-3
1304AC140320,本科生,男,机自2013-3
1304AC140321,本科生,男,机自2013-3
1304AC140322,本科生,男,机自2013-3
1304AC140323,本科生,男,机自2013-3
1304AC140325,本科生,男,机自2013-3
1304AC140328,本科生,男,机自2013-3
1304AC140329,本科生,男,机自2013-3
1304AC140331,本科生,男,机自2013-3
1304AC140401,本科生,男,机自2013-4
1304AC140402,本科生,男,机自2013-4
1304AC140403,本科生,男,机自2013-4
1304AC140405,本科生,男,机自2013-4
1304AC140407,本科生,男,机自2013-4
1304AC140408,本科生,男,机自2013-4
1304AC140410,本科生,男,机自2013-4
1304AC140412,本科生,男,机自2013-4
1304AC140413,本科生,男,机自2013-4
1304AC140414,本科生,男,机自2013-4
1304AC140415,本科生,男,机自2013-4
1304AC140416,本科生,男,机自2013-4
1304AC140417,本科生,男,机自2013-4
1304AC140418,本科生,男,机自2013-4
1304AC140419,本科生,男,机自2013-4
1304AC140420,本科生,男,机自2013-4
1304AC140421,本科生,男,机自2013-4
1304AC140422,本科生,男,机自2013-4
1304AC140424,本科生,男,机自2013-4
1304AC140427,本科生,男,机自2013-4
1304AC140428,本科生,男,机自2013-4
1304AC140429,本科生,男,机自2013-4
1304AC140430,本科生,男,机自2013-4
1304AC140431,本科生,男,机自2013-4
1304AD140102,本科生,男,材料2013-1
1304AD140104,本科生,男,材料2013-1
1304AD140106,本科生,男,材料2013-1
1304AD140108,本科生,男,材料2013-1
1304AD140111,本科生,男,材料2013-1
1304AD140113,本科生,男,材料2013-1
1304AD140116,本科生,男,材料2013-1
1304AD140117,本科生,男,材料2013-1
1304AD140118,本科生,男,材料2013-1
1304AD140119,本科生,男,材料2013-1
1304AD140120,本科生,男,材料2013-1
1304AD140121,本科生,男,材料2013-1
1304AD140122,本科生,男,材料2013-1
1304AD140123,本科生,男,材料2013-1
1304AD140124,本科生,男,材料2013-1
1304AD140125,本科生,男,材料2013-1
1304AD140126,本科生,男,材料2013-1
1304AD140127,本科生,男,材料2013-1
1304AD140128,本科生,男,材料2013-1
1304AD140129,本科生,男,材料2013-1
1304AD140202,本科生,男,材料2013-2
1304AD140203,本科生,男,材料2013-2
1304AD140204,本科生,男,材料2013-2
1304AD140205,本科生,男,材料2013-2
1304AD140206,本科生,男,材料2013-2
1304AD140207,本科生,男,材料2013-2
1304AD140208,本科生,男,材料2013-2
1304AD140209,本科生,男,材料2013-2
1304AD140210,本科生,男,材料2013-2
1304AD140211,本科生,男,材料2013-2
1304AD140212,本科生,男,材料2013-2
1304AD140213,本科生,男,材料2013-2
1304AD140214,本科生,男,材料2013-2
1304AD140215,本科生,男,材料2013-2
1304AD140217,本科生,男,材料2013-2
1304AD140218,本科生,男,材料2013-2
1304AD140219,本科生,男,材料2013-2
1304AD140220,本科生,男,材料2013-2
1304AD140221,本科生,男,材料2013-2
1304AD140223,本科生,男,材料2013-2
1304AD140226,本科生,男,材料2013-2
1304AD140228,本科生,男,材料2013-2
1304AE140101,本科生,男,装备2013-1
1304AE140102,本科生,男,装备2013-1
1304AE140103,本科生,男,装备2013-1
1304AE140104,本科生,男,装备2013-1
1304AE140105,本科生,男,装备2013-1
1304AE140106,本科生,男,装备2013-1
1304AE140108,本科生,男,装备2013-1
1304AE140110,本科生,男,装备2013-1
1304AE140112,本科生,男,装备2013-1
1304AE140113,本科生,男,装备2013-1
1304AE140114,本科生,男,装备2013-1
1304AE140117,本科生,男,装备2013-1
1304AE140119,本科生,男,装备2013-1
1304AE140122,本科生,男,装备2013-1
1304AE140125,本科生,男,装备2013-1
1304AE140127,本科生,男,装备2013-1
1304AE140128,本科生,男,装备2013-1
1304AE140129,本科生,男,装备2013-1
1304AE140201,本科生,男,装备2013-2
1304AE140203,本科生,男,装备2013-2
1304AE140204,本科生,男,装备2013-2
1304AE140205,本科生,男,装备2013-2
1304AE140206,本科生,男,装备2013-2
1304AE140207,本科生,男,装备2013-2
1304AE140208,本科生,男,装备2013-2
1304AE140210,本科生,男,装备2013-2
1304AE140211,本科生,男,装备2013-2
1304AE140212,本科生,男,装备2013-2
1304AE140214,本科生,男,装备2013-2
1304AE140216,本科生,男,装备2013-2
1304AE140217,本科生,男,装备2013-2
1304AE140218,本科生,男,装备2013-2
1304AE140220,本科生,男,装备2013-2
1304AE140221,本科生,男,装备2013-2
1304AE140222,本科生,男,装备2013-2
1304AE140224,本科生,男,装备2013-2
1304AE140225,本科生,男,装备2013-2
1304AE140226,本科生,男,装备2013-2
1304AE140228,本科生,男,装备2013-2
1304AE140301,本科生,男,装备2013-3
1304AE140302,本科生,男,装备2013-3
1304AE140303,本科生,男,装备2013-3
1304AE140304,本科生,男,装备2013-3
1304AE140305,本科生,男,装备2013-3
1304AE140307,本科生,男,装备2013-3
1304AE140308,本科生,男,装备2013-3
1304AE140309,本科生,男,装备2013-3
1304AE140310,本科生,男,装备2013-3
1304AE140311,本科生,男,装备2013-3
1304AE140312,本科生,男,装备2013-3
1304AE140313,本科生,男,装备2013-3
1304AE140314,本科生,男,装备2013-3
1304AE140315,本科生,男,装备2013-3
1304AE140316,本科生,男,装备2013-3
1304AE140320,本科生,男,装备2013-3
1304AE140321,本科生,男,装备2013-3
1304AE140323,本科生,男,装备2013-3
1304AE140324,本科生,男,装备2013-3
1304AE140325,本科生,男,装备2013-3
1304AE140326,本科生,男,装备2013-3
1304AE140327,本科生,男,装备2013-3
1304AE240102,本科生,男,力学2013-1
1304AE240107,本科生,男,力学2013-1
1304AE240109,本科生,男,力学2013-1
1304AE240110,本科生,男,力学2013-1
1304AE240111,本科生,男,力学2013-1
1304AE240112,本科生,男,力学2013-1
1304AE240116,本科生,男,力学2013-1
1304AE240117,本科生,男,力学2013-1
1304AE240118,本科生,男,力学2013-1
1304AE240119,本科生,男,力学2013-1
1304AE240120,本科生,男,力学2013-1
1304AE240121,本科生,男,力学2013-1
1304AE240122,本科生,男,力学2013-1
1304AE240123,本科生,男,力学2013-1
1304AE240124,本科生,男,力学2013-1
1304AE240125,本科生,男,力学2013-1
1304AE240126,本科生,男,力学2013-1
1304AE240127,本科生,男,力学2013-1
1304AE240128,本科生,男,力学2013-1
1304AE240129,本科生,男,力学2013-1
1304AF140101,本科生,男,设计2013-1
1304AF140102,本科生,男,设计2013-1
1304AF140103,本科生,男,设计2013-1
1304AF140104,本科生,男,设计2013-1
1304AF140105,本科生,男,设计2013-1
1304AF140106,本科生,男,设计2013-1
1304AF140107,本科生,男,设计2013-1
1304AF140108,本科生,男,设计2013-1
1304AF140110,本科生,男,设计2013-1
1304AF140111,本科生,男,设计2013-1
1304AF140114,本科生,男,设计2013-1
1304AF140115,本科生,男,设计2013-1
1304AF140118,本科生,男,设计2013-1
1304AF140119,本科生,男,设计2013-1
1304AF140202,本科生,男,设计2013-2
1304AF140203,本科生,男,设计2013-2
1304AF140204,本科生,男,设计2013-2
1304AF140207,本科生,男,设计2013-2
1304AF140209,本科生,男,设计2013-2
1304AF140213,本科生,男,设计2013-2
1304AF140218,本科生,男,设计2013-2
1304AG140101,本科生,男,车辆2013-1
1304AG140103,本科生,男,车辆2013-1
1304AG140106,本科生,男,车辆2013-1
1304AG140107,本科生,男,车辆2013-1
1304AG140108,本科生,男,车辆2013-1
1304AG140109,本科生,男,车辆2013-1
1304AG140110,本科生,男,车辆2013-1
1304AG140116,本科生,男,车辆2013-1
1304AG140118,本科生,男,车辆2013-1
1304AG140119,本科生,男,车辆2013-1
1304AG140122,本科生,男,车辆2013-1
1304AG140123,本科生,男,车辆2013-1
1304AG140124,本科生,男,车辆2013-1
1304AG140125,本科生,男,车辆2013-1
1304AG140126,本科生,男,车辆2013-1
1304AG140129,本科生,男,车辆2013-1
1304AG140130,本科生,男,车辆2013-1
1304AG140201,本科生,男,车辆2013-2
1304AG140204,本科生,男,车辆2013-2
1304AG140205,本科生,男,车辆2013-2
1304AG140206,本科生,男,车辆2013-2
1304AG140207,本科生,男,车辆2013-2
1304AG140208,本科生,男,车辆2013-2
1304AG140209,本科生,男,车辆2013-2
1304AG140210,本科生,男,车辆2013-2
1304AG140211,本科生,男,车辆2013-2
1304AG140213,本科生,男,车辆2013-2
1304AG140214,本科生,男,车辆2013-2
1304AG140215,本科生,男,车辆2013-2
1304AG140216,本科生,男,车辆2013-2
1304AG140218,本科生,男,车辆2013-2
1304AG140219,本科生,男,车辆2013-2
1304AG140222,本科生,男,车辆2013-2
1304AG140223,本科生,男,车辆2013-2
1304AG140224,本科生,男,车辆2013-2
1304AG140226,本科生,男,车辆2013-2
1304AG140228,本科生,男,车辆2013-2
1304AG140229,本科生,男,车辆2013-2
1305AE340101,本科生,男,能动2013-1
1305AE340103,本科生,男,能动2013-1
1305AE340104,本科生,男,能动2013-1
1305AE340105,本科生,男,能动2013-1
1305AE340106,本科生,男,能动2013-1
1305AE340107,本科生,男,能动2013-1
1305AE340108,本科生,男,能动2013-1
1305AE340109,本科生,男,能动2013-1
1305AE340112,本科生,男,能动2013-1
1305AE340114,本科生,男,能动2013-1
1305AE340115,本科生,男,能动2013-1
1305AE340116,本科生,男,能动2013-1
1305AE340118,本科生,男,能动2013-1
1305AE340122,本科生,男,能动2013-1
1305AE340123,本科生,男,能动2013-1
1305AE340127,本科生,男,能动2013-1
1404AC140101,本科生,女,机自2014-1
1404AC140103,本科生,女,机自2014-1
1404AC140106,本科生,男,机自2014-1
1404AC140107,本科生,男,机自2014-1
1404AC140108,本科生,男,机自2014-1
1404AC140110,本科生,男,机自2014-1
1404AC140111,本科生,男,机自2014-1
1404AC140113,本科生,男,机自2014-1
1404AC140115,本科生,男,机自2014-1
1404AC140121,本科生,男,机自2014-1
1404AC140125,本科生,男,机自2014-1
1404AC140127,本科生,男,机自2014-1
1404AC140129,本科生,男,机自2014-1
1404AC140130,本科生,男,机自2014-1
1404AC140131,本科生,男,机自2014-1
1404AC140133,本科生,男,机自2014-1
1404AC140202,本科生,女,机自2014-2
1404AC140203,本科生,女,机自2014-2
1404AC140204,本科生,女,机自2014-2
1404AC140207,本科生,男,机自2014-2
1404AC140209,本科生,男,机自2014-2
1404AC140210,本科生,男,机自2014-2
1404AC140212,本科生,男,机自2014-2
1404AC140218,本科生,男,机自2014-2
1404AC140225,本科生,男,机自2014-2
1404AC140227,本科生,男,机自2014-2
1404AC140228,本科生,男,机自2014-2
1404AC140230,本科生,男,机自2014-2
1404AC140231,本科生,男,机自2014-2
1404AC140302,本科生,女,机自2014-3
1404AC140303,本科生,女,机自2014-3
1404AC140304,本科生,女,机自2014-3
1404AC140305,本科生,女,机自2014-3
1404AC140306,本科生,男,机自2014-3
1404AC140307,本科生,男,机自2014-3
1404AC140308,本科生,男,机自2014-3
1404AC140310,本科生,男,机自2014-3
1404AC140312,本科生,男,机自2014-3
1404AC140313,本科生,男,机自2014-3
1404AC140315,本科生,男,机自2014-3
1404AC140316,本科生,男,机自2014-3
1404AC140317,本科生,男,机自2014-3
1404AC140321,本科生,男,机自2014-3
1404AC140324,本科生,男,机自2014-3
1404AC140326,本科生,男,机自2014-3
1404AC140330,本科生,男,机自2014-3
1404AC140331,本科生,男,机自2014-3
1404AC140402,本科生,女,机自2014-4
1404AC140406,本科生,男,机自2014-4
1404AC140411,本科生,男,机自2014-4
1404AC140412,本科生,男,机自2014-4
1404AC140414,本科生,男,机自2014-4
1404AC140415,本科生,男,机自2014-4
1404AC140416,本科生,男,机自2014-4
1404AC140417,本科生,男,机自2014-4
1404AC140419,本科生,男,机自2014-4
1404AC140422,本科生,男,机自2014-4
1404AC140426,本科生,男,机自2014-4
1404AC140431,本科生,男,机自2014-4
1404AC140503,本科生,女,机自2014-5
1404AC140506,本科生,男,机自2014-5
1404AC140508,本科生,男,机自2014-5
1404AC140509,本科生,男,机自2014-5
1404AC140511,本科生,男,机自2014-5
1404AC140512,本科生,男,机自2014-5
1404AC140514,本科生,男,机自2014-5
1404AC140515,本科生,男,机自2014-5
1404AC140516,本科生,男,机自2014-5
1404AC140517,本科生,男,机自2014-5
1404AC140519,本科生,男,机自2014-5
1404AC140520,本科生,男,机自2014-5
1404AC140521,本科生,男,机自2014-5
1404AC140523,本科生,男,机自2014-5
1404AC140525,本科生,男,机自2014-5
1404AC140530,本科生,男,机自2014-5
1404AD140101,本科生,女,材料2014-1
1404AD140102,本科生,女,材料2014-1
1404AD140103,本科生,女,材料2014-1
1404AD140104,本科生,女,材料2014-1
1404AD140105,本科生,女,材料2014-1
1404AD140106,本科生,女,材料2014-1
1404AD140107,本科生,女,材料2014-1
1404AD140108,本科生,女,材料2014-1
1404AD140109,本科生,男,材料2014-1
1404AD140110,本科生,男,材料2014-1
1404AD140111,本科生,男,材料2014-1
1404AD140112,本科生,男,材料2014-1
1404AD140113,本科生,男,材料2014-1
1404AD140114,本科生,男,材料2014-1
1404AD140115,本科生,男,材料2014-1
1404AD140116,本科生,男,材料2014-1
1404AD140118,本科生,男,材料2014-1
1404AD140119,本科生,男,材料2014-1
1404AD140120,本科生,男,材料2014-1
1404AD140121,本科生,男,材料2014-1
1404AD140122,本科生,男,材料2014-1
1404AD140123,本科生,男,材料2014-1
1404AD140124,本科生,男,材料2014-1
1404AD140125,本科生,男,材料2014-1
1404AD140126,本科生,男,材料2014-1
1404AD140201,本科生,女,材料2014-2
1404AD140202,本科生,女,材料2014-2
1404AD140203,本科生,女,材料2014-2
1404AD140204,本科生,女,材料2014-2
1404AD140205,本科生,女,材料2014-2
1404AD140206,本科生,女,材料2014-2
1404AD140207,本科生,女,材料2014-2
1404AD140208,本科生,女,材料2014-2
1404AD140209,本科生,男,材料2014-2
1404AD140210,本科生,男,材料2014-2
1404AD140211,本科生,男,材料2014-2
1404AD140212,本科生,男,材料2014-2
1404AD140213,本科生,男,材料2014-2
1404AD140214,本科生,男,材料2014-2
1404AD140215,本科生,男,材料2014-2
1404AD140216,本科生,男,材料2014-2
1404AD140218,本科生,男,材料2014-2
1404AD140219,本科生,男,材料2014-2
1404AD140220,本科生,男,材料2014-2
1404AD140221,本科生,男,材料2014-2
1404AD140222,本科生,男,材料2014-2
1404AD140224,本科生,男,材料2014-2
1404AD140225,本科生,男,材料2014-2
1404AE140101,本科生,女,装备2014-1
1404AE140103,本科生,女,装备2014-1
1404AE140104,本科生,女,装备2014-1
1404AE140105,本科生,女,装备2014-1
1404AE140106,本科生,男,装备2014-1
1404AE140107,本科生,男,装备2014-1
1404AE140108,本科生,男,装备2014-1
1404AE140112,本科生,男,装备2014-1
1404AE140113,本科生,男,装备2014-1
1404AE140114,本科生,男,装备2014-1
1404AE140119,本科生,男,装备2014-1
1404AE140121,本科生,男,装备2014-1
1404AE140122,本科生,男,装备2014-1
1404AE140123,本科生,男,装备2014-1
1404AE140124,本科生,男,装备2014-1
1404AE140126,本科生,男,装备2014-1
1404AE140127,本科生,男,装备2014-1
1404AE140128,本科生,男,装备2014-1
1404AE140129,本科生,男,装备2014-1
1404AE140130,本科生,男,装备2014-1
1404AE140201,本科生,女,装备2014-2
1404AE140202,本科生,女,装备2014-2
1404AE140203,本科生,女,装备2014-2
1404AE140205,本科生,女,装备2014-2
1404AE140206,本科生,男,装备2014-2
1404AE140207,本科生,男,装备2014-2
1404AE140208,本科生,男,装备2014-2
1404AE140209,本科生,男,装备2014-2
1404AE140210,本科生,男,装备2014-2
1404AE140213,本科生,男,装备2014-2
1404AE140215,本科生,男,装备2014-2
1404AE140217,本科生,男,装备2014-2
1404AE140218,本科生,男,装备2014-2
1404AE140219,本科生,男,装备2014-2
1404AE140220,本科生,男,装备2014-2
1404AE140221,本科生,男,装备2014-2
1404AE140222,本科生,男,装备2014-2
1404AE140223,本科生,男,装备2014-2
1404AE140224,本科生,男,装备2014-2
1404AE140225,本科生,男,装备2014-2
1404AE140301,本科生,女,装备2014-3
1404AE140302,本科生,女,装备2014-3
1404AE140303,本科生,女,装备2014-3
1404AE140304,本科生,女,装备2014-3
1404AE140305,本科生,男,装备2014-3
1404AE140306,本科生,男,装备2014-3
1404AE140307,本科生,男,装备2014-3
1404AE140309,本科生,男,装备2014-3
1404AE140310,本科生,男,装备2014-3
1404AE140311,本科生,男,装备2014-3
1404AE140312,本科生,男,装备2014-3
1404AE140314,本科生,男,装备2014-3
1404AE140316,本科生,男,装备2014-3
1404AE140317,本科生,男,装备2014-3
1404AE140320,本科生,男,装备2014-3
1404AE140322,本科生,男,装备2014-3
1404AE140323,本科生,男,装备2014-3
1404AE140324,本科生,男,装备2014-3
1404AE140326,本科生,男,装备2014-3
1404AE140327,本科生,男,装备2014-3
1404AE140328,本科生,男,装备2014-3
1404AE140329,本科生,男,装备2014-3
1404AE240101,本科生,女,力学2014-1
1404AE240102,本科生,女,力学2014-1
1404AE240103,本科生,女,力学2014-1
1404AE240104,本科生,女,力学2014-1
1404AE240105,本科生,女,力学2014-1
1404AE240106,本科生,男,力学2014-1
1404AE240107,本科生,男,力学2014-1
1404AE240108,本科生,男,力学2014-1
1404AE240110,本科生,男,力学2014-1
1404AE240112,本科生,男,力学2014-1
1404AE240113,本科生,男,力学2014-1
1404AE240115,本科生,男,力学2014-1
1404AE240116,本科生,男,力学2014-1
1404AE240118,本科生,男,力学2014-1
1404AE240119,本科生,男,力学2014-1
1404AE240120,本科生,男,力学2014-1
1404AE240121,本科生,男,力学2014-1
1404AE240123,本科生,男,力学2014-1
1404AE240124,本科生,男,力学2014-1
1404AE240125,本科生,男,力学2014-1
1404AE240126,本科生,男,力学2014-1
1404AE240128,本科生,男,力学2014-1
1404AE240129,本科生,男,力学2014-1
1404AE240130,本科生,男,力学2014-1
1404AF140101,本科生,女,设计2014-1
1404AF140103,本科生,女,设计2014-1
1404AF140104,本科生,女,设计2014-1
1404AF140106,本科生,女,设计2014-1
1404AF140108,本科生,女,设计2014-1
1404AF140110,本科生,女,设计2014-1
1404AF140111,本科生,男,设计2014-1
1404AF140112,本科生,男,设计2014-1
1404AF140115,本科生,男,设计2014-1
1404AF140116,本科生,男,设计2014-1
1404AF140117,本科生,男,设计2014-1
1404AF140118,本科生,男,设计2014-1
1404AF140120,本科生,男,设计2014-1
1404AF140201,本科生,女,设计2014-2
1404AF140203,本科生,女,设计2014-2
1404AF140204,本科生,女,设计2014-2
1404AF140205,本科生,女,设计2014-2
1404AF140206,本科生,女,设计2014-2
1404AF140207,本科生,女,设计2014-2
1404AF140208,本科生,女,设计2014-2
1404AF140209,本科生,女,设计2014-2
1404AF140210,本科生,男,设计2014-2
1404AF140211,本科生,男,设计2014-2
1404AF140213,本科生,男,设计2014-2
1404AF140214,本科生,男,设计2014-2
1404AF140215,本科生,男,设计2014-2
1404AF140216,本科生,男,设计2014-2
1404AF140217,本科生,男,设计2014-2
1404AF140220,本科生,男,设计2014-2
1404AG140101,本科生,女,车辆2014-1
1404AG140102,本科生,女,车辆2014-1
1404AG140103,本科生,女,车辆2014-1
1404AG140104,本科生,男,车辆2014-1
1404AG140105,本科生,男,车辆2014-1
1404AG140106,本科生,男,车辆2014-1
1404AG140108,本科生,男,车辆2014-1
1404AG140109,本科生,男,车辆2014-1
1404AG140112,本科生,男,车辆2014-1
1404AG140113,本科生,男,车辆2014-1
1404AG140115,本科生,男,车辆2014-1
1404AG140116,本科生,男,车辆2014-1
1404AG140117,本科生,男,车辆2014-1
1404AG140118,本科生,男,车辆2014-1
1404AG140119,本科生,男,车辆2014-1
1404AG140120,本科生,男,车辆2014-1
1404AG140121,本科生,男,车辆2014-1
1404AG140124,本科生,男,车辆2014-1
1404AG140125,本科生,男,车辆2014-1
1404AG140126,本科生,男,车辆2014-1
1404AG140202,本科生,女,车辆2014-2
1404AG140203,本科生,女,车辆2014-2
1404AG140204,本科生,男,车辆2014-2
1404AG140205,本科生,男,车辆2014-2
1404AG140206,本科生,男,车辆2014-2
1404AG140208,本科生,男,车辆2014-2
1404AG140209,本科生,男,车辆2014-2
1404AG140210,本科生,男,车辆2014-2
1404AG140211,本科生,男,车辆2014-2
1404AG140212,本科生,男,车辆2014-2
1404AG140213,本科生,男,车辆2014-2
1404AG140215,本科生,男,车辆2014-2
1404AG140216,本科生,男,车辆2014-2
1404AG140218,本科生,男,车辆2014-2
1404AG140220,本科生,男,车辆2014-2
1404AG140221,本科生,男,车辆2014-2
1404AG140223,本科生,男,车辆2014-2
1404AG140224,本科生,男,车辆2014-2
1404AG140225,本科生,男,车辆2014-2
1404AH140102,本科生,女,安全2014-1
1404AH140104,本科生,女,安全2014-1
1404AH140105,本科生,女,安全2014-1
1404AH140106,本科生,女,安全2014-1
1404AH140108,本科生,女,安全2014-1
1404AH140109,本科生,女,安全2014-1
1404AH140111,本科生,女,安全2014-1
1404AH140112,本科生,男,安全2014-1
1404AH140113,本科生,男,安全2014-1
1404AH140116,本科生,男,安全2014-1
1404AH140121,本科生,男,安全2014-1
1404AH140122,本科生,男,安全2014-1
1404AH140125,本科生,男,安全2014-1
1404AH140126,本科生,男,安全2014-1
1404AH140128,本科生,男,安全2014-1
1404AH140129,本科生,男,安全2014-1
1404AH140130,本科生,男,安全2014-1
1405AE340101,本科生,女,能动2014-1
1405AE340104,本科生,女,能动2014-1
1405AE340106,本科生,男,能动2014-1
1405AE340107,本科生,男,能动2014-1
1405AE340108,本科生,男,能动2014-1
1405AE340109,本科生,男,能动2014-1
1405AE340111,本科生,男,能动2014-1
1405AE340112,本科生,男,能动2014-1
1405AE340114,本科生,男,能动2014-1
1405AE340115,本科生,男,能动2014-1
1405AE340117,本科生,男,能动2014-1
1405AE340118,本科生,男,能动2014-1
1405AE340120,本科生,男,能动2014-1
1405AE340121,本科生,男,能动2014-1
1405AE340122,本科生,男,能动2014-1
1405AE340123,本科生,男,能动2014-1
1405AE340125,本科生,男,能动2014-1
1405AE340126,本科生,男,能动2014-1
1504AC140102,本科生,男,机自2015-1
1504AC140103,本科生,男,机自2015-1
1504AC140104,本科生,男,机自2015-1
1504AC140105,本科生,男,机自2015-1
1504AC140108,本科生,男,机自2015-1
1504AC140109,本科生,男,机自2015-1
1504AC140112,本科生,男,机自2015-1
1504AC140113,本科生,男,机自2015-1
1504AC140115,本科生,男,机自2015-1
1504AC140118,本科生,男,机自2015-1
1504AC140120,本科生,男,机自2015-1
1504AC140122,本科生,男,机自2015-1
1504AC140126,本科生,男,机自2015-1
1504AC140127,本科生,男,机自2015-1
1504AC140128,本科生,男,机自2015-1
1504AC140201,本科生,男,机自2015-2
1504AC140202,本科生,男,机自2015-2
1504AC140204,本科生,男,机自2015-2
1504AC140205,本科生,男,机自2015-2
1504AC140207,本科生,男,机自2015-2
1504AC140209,本科生,男,机自2015-2
1504AC140210,本科生,男,机自2015-2
1504AC140211,本科生,男,机自2015-2
1504AC140212,本科生,男,机自2015-2
1504AC140213,本科生,男,机自2015-2
1504AC140215,本科生,男,机自2015-2
1504AC140216,本科生,男,机自2015-2
1504AC140217,本科生,男,机自2015-2
1504AC140218,本科生,男,机自2015-2
1504AC140220,本科生,男,机自2015-2
1504AC140221,本科生,男,机自2015-2
1504AC140224,本科生,男,机自2015-2
1504AC140226,本科生,男,机自2015-2
1504AC140301,本科生,男,机自2015-3
1504AC140302,本科生,男,机自2015-3
1504AC140303,本科生,男,机自2015-3
1504AC140304,本科生,男,机自2015-3
1504AC140306,本科生,男,机自2015-3
1504AC140308,本科生,男,机自2015-3
1504AC140314,本科生,男,机自2015-3
1504AC140316,本科生,男,机自2015-3
1504AC140317,本科生,男,机自2015-3
1504AC140320,本科生,男,机自2015-3
1504AC140322,本科生,男,机自2015-3
1504AC140326,本科生,男,机自2015-3
1504AC140403,本科生,男,机自2015-4
1504AC140404,本科生,男,机自2015-4
1504AC140406,本科生,男,机自2015-4
1504AC140407,本科生,男,机自2015-4
1504AC140408,本科生,男,机自2015-4
1504AC140412,本科生,男,机自2015-4
1504AC140419,本科生,男,机自2015-4
1504AC140423,本科生,男,机自2015-4
1504AC140424,本科生,男,机自2015-4
1504AC140426,本科生,男,机自2015-4
1504AC140501,本科生,男,机自2015-5
1504AC140504,本科生,男,机自2015-5
1504AC140506,本科生,男,机自2015-5
1504AC140508,本科生,男,机自2015-5
1504AC140510,本科生,男,机自2015-5
1504AC140511,本科生,男,机自2015-5
1504AC140512,本科生,男,机自2015-5
1504AC140514,本科生,男,机自2015-5
1504AC140518,本科生,男,机自2015-5
1504AC140524,本科生,男,机自2015-5
1504AC140526,本科生,男,机自2015-5
1504AC140601,本科生,男,机自2015-6
1504AC140602,本科生,男,机自2015-6
1504AC140603,本科生,男,机自2015-6
1504AC140606,本科生,男,机自2015-6
1504AC140614,本科生,男,机自2015-6
1504AC140620,本科生,男,机自2015-6
1504AC140625,本科生,男,机自2015-6
1504AC140626,本科生,男,机自2015-6
1504AD140106,本科生,男,材料2015-1
1504AD140107,本科生,男,材料2015-1
1504AD140110,本科生,男,材料2015-1
1504AD140111,本科生,男,材料2015-1
1504AD140112,本科生,男,材料2015-1
1504AD140114,本科生,男,材料2015-1
1504AD140115,本科生,男,材料2015-1
1504AD140128,本科生,男,材料2015-1
1504AD140130,本科生,男,材料2015-1
1504AD140201,本科生,男,材料2015-2
1504AD140203,本科生,男,材料2015-2
1504AD140204,本科生,男,材料2015-2
1504AD140205,本科生,男,材料2015-2
1504AD140207,本科生,男,材料2015-2
1504AD140208,本科生,男,材料2015-2
1504AD140209,本科生,男,材料2015-2
1504AD140210,本科生,男,材料2015-2
1504AD140211,本科生,男,材料2015-2
1504AD140216,本科生,男,材料2015-2
1504AD140226,本科生,男,材料2015-2
1504AD140227,本科生,男,材料2015-2
1504AD140229,本科生,男,材料2015-2
1504AE140101,本科生,男,装备2015-1
1504AE140102,本科生,男,装备2015-1
1504AE140103,本科生,男,装备2015-1
1504AE140105,本科生,男,装备2015-1
1504AE140107,本科生,男,装备2015-1
1504AE140108,本科生,男,装备2015-1
1504AE140109,本科生,男,装备2015-1
1504AE140114,本科生,男,装备2015-1
1504AE140116,本科生,男,装备2015-1
1504AE140119,本科生,男,装备2015-1
1504AE140124,本科生,男,装备2015-1
1504AE140125,本科生,男,装备2015-1
1504AE140203,本科生,男,装备2015-2
1504AE140204,本科生,男,装备2015-2
1504AE140205,本科生,男,装备2015-2
1504AE140206,本科生,男,装备2015-2
1504AE140209,本科生,男,装备2015-2
1504AE140210,本科生,男,装备2015-2
1504AE140211,本科生,男,装备2015-2
1504AE140212,本科生,男,装备2015-2
1504AE140213,本科生,男,装备2015-2
1504AE140214,本科生,男,装备2015-2
1504AE140220,本科生,男,装备2015-2
1504AE140221,本科生,男,装备2015-2
1504AE140222,本科生,男,装备2015-2
1504AE140224,本科生,男,装备2015-2
1504AE140301,本科生,女,装备2015-3
1504AE140303,本科生,男,装备2015-3
1504AE140304,本科生,男,装备2015-3
1504AE140305,本科生,男,装备2015-3
1504AE140308,本科生,男,装备2015-3
1504AE140309,本科生,男,装备2015-3
1504AE140310,本科生,男,装备2015-3
1504AE140312,本科生,男,装备2015-3
1504AE140313,本科生,男,装备2015-3
1504AE140314,本科生,男,装备2015-3
1504AE140316,本科生,男,装备2015-3
1504AE140317,本科生,男,装备2015-3
1504AE140320,本科生,男,装备2015-3
1504AE140321,本科生,男,装备2015-3
1504AE140322,本科生,男,装备2015-3
1504AE140323,本科生,男,装备2015-3
1504AE140325,本科生,男,装备2015-3
1504AE140326,本科生,男,装备2015-3
1504AE240101,本科生,男,力学2015-1
1504AE240103,本科生,男,力学2015-1
1504AE240105,本科生,男,力学2015-1
1504AE240108,本科生,男,力学2015-1
1504AE240109,本科生,男,力学2015-1
1504AE240111,本科生,男,力学2015-1
1504AE240112,本科生,男,力学2015-1
1504AE240113,本科生,男,力学2015-1
1504AE240119,本科生,男,力学2015-1
1504AE240122,本科生,男,力学2015-1
1504AE240125,本科生,男,力学2015-1
1504AE240126,本科生,男,力学2015-1
1504AE240127,本科生,男,力学2015-1
1504AF140101,本科生,男,设计2015-1
1504AF140102,本科生,男,设计2015-1
1504AF140105,本科生,男,设计2015-1
1504AF140106,本科生,男,设计2015-1
1504AF140107,本科生,男,设计2015-1
1504AF140108,本科生,男,设计2015-1
1504AF140109,本科生,男,设计2015-1
1504AF140110,本科生,男,设计2015-1
1504AF140112,本科生,男,设计2015-1
1504AF140113,本科生,男,设计2015-1
1504AF140115,本科生,男,设计2015-1
1504AF140117,本科生,男,设计2015-1
1504AF140118,本科生,男,设计2015-1
1504AF140201,本科生,男,设计2015-2
1504AF140203,本科生,男,设计2015-2
1504AF140204,本科生,男,设计2015-2
1504AF140205,本科生,男,设计2015-2
1504AF140206,本科生,男,设计2015-2
1504AF140208,本科生,男,设计2015-2
1504AF140209,本科生,男,设计2015-2
1504AF140210,本科生,男,设计2015-2
1504AF140211,本科生,男,设计2015-2
1504AF140212,本科生,男,设计2015-2
1504AF140213,本科生,男,设计2015-2
1504AF140215,本科生,男,设计2015-2
1504AF140216,本科生,男,设计2015-2
1504AF140217,本科生,男,设计2015-2
1504AF140219,本科生,男,设计2015-2
1504AG140101,本科生,男,车辆2015-1
1504AG140102,本科生,男,车辆2015-1
1504AG140103,本科生,男,车辆2015-1
1504AG140115,本科生,男,车辆2015-1
1504AG140119,本科生,男,车辆2015-1
1504AG140123,本科生,男,车辆2015-1
1504AG140203,本科生,男,车辆2015-2
1504AG140207,本科生,男,车辆2015-2
1504AG140212,本科生,男,车辆2015-2
1504AG140219,本科生,男,车辆2015-2
1504AG140220,本科生,男,车辆2015-2
1504AG140222,本科生,男,车辆2015-2
1504AG140223,本科生,男,车辆2015-2
1504AH140104,本科生,男,安全2015-1
1504AH140105,本科生,男,安全2015-1
1504AH140106,本科生,男,安全2015-1
1504AH140107,本科生,男,安全2015-1
1504AH140108,本科生,男,安全2015-1
1504AH140109,本科生,男,安全2015-1
1504AH140110,本科生,男,安全2015-1
1504AH140111,本科生,男,安全2015-1
1504AH140112,本科生,男,安全2015-1
1504AH140113,本科生,男,安全2015-1
1504AH140114,本科生,男,安全2015-1
1504AH140115,本科生,男,安全2015-1
1504AH140119,本科生,男,安全2015-1
1504AH140128,本科生,男,安全2015-1
1504AH140129,本科生,男,安全2015-1
1505AE340101,本科生,男,能动2015-1
1505AE340102,本科生,男,能动2015-1
1505AE340103,本科生,男,能动2015-1
1505AE340107,本科生,男,能动2015-1
1505AE340108,本科生,男,能动2015-1
1505AE340110,本科生,男,能动2015-1
1505AE340112,本科生,男,能动2015-1
1505AE340113,本科生,男,能动2015-1
1505AE340114,本科生,男,能动2015-1
1505AE340117,本科生,男,能动2015-1
1505AE340119,本科生,男,能动2015-1
1505AE340120,本科生,男,能动2015-1
1505AE340123,本科生,男,能动2015-1
1505AE340125,本科生,男,能动2015-1
1505AE340127,本科生,男,能动2015-1
1505AE340129,本科生,男,能动2015-1
1505AE340130,本科生,男,能动2015-1
1604AC140101,本科生,女,机自2016-1
1604AC140102,本科生,女,机自2016-1
1604AC140103,本科生,女,机自2016-1
1604AC140104,本科生,男,机自2016-1
1604AC140105,本科生,男,机自2016-1
1604AC140107,本科生,男,机自2016-1
1604AC140109,本科生,男,机自2016-1
1604AC140118,本科生,男,机自2016-1
1604AC140121,本科生,男,机自2016-1
1604AC140125,本科生,男,机自2016-1
1604AC140126,本科生,男,机自2016-1
1604AC140127,本科生,男,机自2016-1
1604AC140128,本科生,男,机自2016-1
1604AC140203,本科生,女,机自2016-2
1604AC140204,本科生,男,机自2016-2
1604AC140205,本科生,男,机自2016-2
1604AC140207,本科生,男,机自2016-2
1604AC140209,本科生,男,机自2016-2
1604AC140210,本科生,男,机自2016-2
1604AC140211,本科生,男,机自2016-2
1604AC140214,本科生,男,机自2016-2
1604AC140219,本科生,男,机自2016-2
1604AC140220,本科生,男,机自2016-2
1604AC140301,本科生,女,机自2016-3
1604AC140302,本科生,女,机自2016-3
1604AC140303,本科生,女,机自2016-3
1604AC140304,本科生,男,机自2016-3
1604AC140305,本科生,男,机自2016-3
1604AC140306,本科生,男,机自2016-3
1604AC140307,本科生,男,机自2016-3
1604AC140308,本科生,男,机自2016-3
1604AC140309,本科生,男,机自2016-3
1604AC140310,本科生,男,机自2016-3
1604AC140311,本科生,男,机自2016-3
1604AC140312,本科生,男,机自2016-3
1604AC140313,本科生,男,机自2016-3
1604AC140314,本科生,男,机自2016-3
1604AC140315,本科生,男,机自2016-3
1604AC140321,本科生,男,机自2016-3
1604AC140322,本科生,男,机自2016-3
1604AC140323,本科生,男,机自2016-3
1604AC140324,本科生,男,机自2016-3
1604AC140325,本科生,男,机自2016-3
1604AC140326,本科生,男,机自2016-3
1604AC140327,本科生,男,机自2016-3
1604AC140328,本科生,男,机自2016-3
1604AC140329,本科生,男,机自2016-3
1604AC140404,本科生,男,机自2016-4
1604AC140405,本科生,男,机自2016-4
1604AC140406,本科生,男,机自2016-4
1604AC140407,本科生,男,机自2016-4
1604AC140409,本科生,男,机自2016-4
1604AC140410,本科生,男,机自2016-4
1604AC140411,本科生,男,机自2016-4
1604AC140412,本科生,男,机自2016-4
1604AC140413,本科生,男,机自2016-4
1604AC140414,本科生,男,机自2016-4
1604AC140415,本科生,男,机自2016-4
1604AC140420,本科生,男,机自2016-4
1604AC140421,本科生,男,机自2016-4
1604AC140422,本科生,男,机自2016-4
1604AC140423,本科生,男,机自2016-4
1604AC140425,本科生,男,机自2016-4
1604AC140426,本科生,男,机自2016-4
1604AC140428,本科生,男,机自2016-4
1604AC140429,本科生,男,机自2016-4
1604AC140507,本科生,男,机自2016-5
1604AC140519,本科生,男,机自2016-5
1604AC140602,本科生,女,机自2016-6
1604AC140603,本科生,男,机自2016-6
1604AC140605,本科生,男,机自2016-6
1604AC140606,本科生,男,机自2016-6
1604AC140608,本科生,男,机自2016-6
1604AC140609,本科生,男,机自2016-6
1604AC140611,本科生,男,机自2016-6
1604AC140614,本科生,男,机自2016-6
1604AC140621,本科生,男,机自2016-6
1604AC140622,本科生,男,机自2016-6
1604AC140626,本科生,男,机自2016-6
1604AC140629,本科生,男,机自2016-6
1604AC140630,本科生,男,机自2016-6
1604AD140101,本科生,女,材料2016-1
1604AD140102,本科生,女,材料2016-1
1604AD140103,本科生,女,材料2016-1
1604AD140104,本科生,女,材料2016-1
1604AD140105,本科生,女,材料2016-1
1604AD140106,本科生,女,材料2016-1
1604AD140107,本科生,女,材料2016-1
1604AD140108,本科生,女,材料2016-1
1604AD140110,本科生,女,材料2016-1
1604AD140116,本科生,男,材料2016-1
1604AD140117,本科生,男,材料2016-1
1604AD140118,本科生,男,材料2016-1
1604AD140120,本科生,男,材料2016-1
1604AD140121,本科生,男,材料2016-1
1604AD140123,本科生,男,材料2016-1
1604AD140124,本科生,男,材料2016-1
1604AD140125,本科生,男,材料2016-1
1604AD140126,本科生,男,材料2016-1
1604AD140127,本科生,男,材料2016-1
1604AD140128,本科生,男,材料2016-1
1604AD140129,本科生,男,材料2016-1
1604AD140204,本科生,女,材料2016-2
1604AD140205,本科生,女,材料2016-2
1604AD140206,本科生,女,材料2016-2
1604AD140207,本科生,女,材料2016-2
1604AD140208,本科生,女,材料2016-2
1604AD140209,本科生,女,材料2016-2
1604AD140210,本科生,女,材料2016-2
1604AD140212,本科生,男,材料2016-2
1604AD140214,本科生,男,材料2016-2
1604AD140215,本科生,男,材料2016-2
1604AD140216,本科生,男,材料2016-2
1604AD140218,本科生,男,材料2016-2
1604AD140219,本科生,男,材料2016-2
1604AD140223,本科生,男,材料2016-2
1604AD140225,本科生,男,材料2016-2
1604AD140226,本科生,男,材料2016-2
1604AD140227,本科生,男,材料2016-2
1604AD140228,本科生,男,材料2016-2
1604AE140101,本科生,女,装备2016-1
1604AE140102,本科生,女,装备2016-1
1604AE140104,本科生,女,装备2016-1
1604AE140105,本科生,女,装备2016-1
1604AE140107,本科生,女,装备2016-1
1604AE140108,本科生,男,装备2016-1
1604AE140112,本科生,男,装备2016-1
1604AE140113,本科生,男,装备2016-1
1604AE140114,本科生,男,装备2016-1
1604AE140115,本科生,男,装备2016-1
1604AE140116,本科生,男,装备2016-1
1604AE140118,本科生,男,装备2016-1
1604AE140119,本科生,男,装备2016-1
1604AE140120,本科生,男,装备2016-1
1604AE140121,本科生,男,装备2016-1
1604AE140122,本科生,男,装备2016-1
1604AE140123,本科生,男,装备2016-1
1604AE140125,本科生,男,装备2016-1
1604AE140127,本科生,男,装备2016-1
1604AE140128,本科生,男,装备2016-1
1604AE140129,本科生,男,装备2016-1
1604AE140201,本科生,女,装备2016-2
1604AE140202,本科生,女,装备2016-2
1604AE140204,本科生,女,装备2016-2
1604AE140206,本科生,女,装备2016-2
1604AE140212,本科生,男,装备2016-2
1604AE140218,本科生,男,装备2016-2
1604AE140224,本科生,男,装备2016-2
1604AE140225,本科生,男,装备2016-2
1604AE140226,本科生,男,装备2016-2
1604AE140301,本科生,女,装备2016-3
1604AE140303,本科生,女,装备2016-3
1604AE140305,本科生,女,装备2016-3
1604AE140306,本科生,女,装备2016-3
1604AE140307,本科生,男,装备2016-3
1604AE140310,本科生,男,装备2016-3
1604AE140311,本科生,男,装备2016-3
1604AE140312,本科生,男,装备2016-3
1604AE140314,本科生,男,装备2016-3
1604AE140318,本科生,男,装备2016-3
1604AE140319,本科生,男,装备2016-3
1604AE140320,本科生,男,装备2016-3
1604AE140321,本科生,男,装备2016-3
1604AE140324,本科生,男,装备2016-3
1604AE240101,本科生,男,力学2016-1
1604AE240102,本科生,男,力学2016-1
1604AE240103,本科生,男,力学2016-1
1604AE240105,本科生,男,力学2016-1
1604AE240107,本科生,男,力学2016-1
1604AE240108,本科生,男,力学2016-1
1604AE240109,本科生,男,力学2016-1
1604AE240110,本科生,男,力学2016-1
1604AE240112,本科生,男,力学2016-1
1604AE240119,本科生,男,力学2016-1
1604AE240120,本科生,男,力学2016-1
1604AE240124,本科生,男,力学2016-1
1604AE240125,本科生,男,力学2016-1
1604AF140101,本科生,女,设计2016-1
1604AF140102,本科生,女,设计2016-1
1604AF140103,本科生,女,设计2016-1
1604AF140104,本科生,女,设计2016-1
1604AF140105,本科生,女,设计2016-1
1604AF140106,本科生,女,设计2016-1
1604AF140107,本科生,女,设计2016-1
1604AF140108,本科生,女,设计2016-1
1604AF140109,本科生,女,设计2016-1
1604AF140110,本科生,女,设计2016-1
1604AF140112,本科生,女,设计2016-1
1604AF140113,本科生,女,设计2016-1
1604AF140114,本科生,女,设计2016-1
1604AF140115,本科生,男,设计2016-1
1604AF140117,本科生,男,设计2016-1
1604AF140119,本科生,男,设计2016-1
1604AF140120,本科生,男,设计2016-1
1604AF140201,本科生,女,设计2016-2
1604AF140202,本科生,女,设计2016-2
1604AF140203,本科生,女,设计2016-2
1604AF140204,本科生,女,设计2016-2
1604AF140205,本科生,女,设计2016-2
1604AF140206,本科生,女,设计2016-2
1604AF140208,本科生,女,设计2016-2
1604AF140209,本科生,女,设计2016-2
1604AF140211,本科生,女,设计2016-2
1604AF140212,本科生,女,设计2016-2
1604AF140213,本科生,女,设计2016-2
1604AF140217,本科生,男,设计2016-2
1604AF140218,本科生,男,设计2016-2
1604AF140219,本科生,男,设计2016-2
1604AG140101,本科生,女,车辆2016-1
1604AG140102,本科生,女,车辆2016-1
1604AG140103,本科生,女,车辆2016-1
1604AG140104,本科生,女,车辆2016-1
1604AG140105,本科生,男,车辆2016-1
1604AG140106,本科生,男,车辆2016-1
1604AG140108,本科生,男,车辆2016-1
1604AG140109,本科生,男,车辆2016-1
1604AG140110,本科生,男,车辆2016-1
1604AG140112,本科生,男,车辆2016-1
1604AG140114,本科生,男,车辆2016-1
1604AG140116,本科生,男,车辆2016-1
1604AG140117,本科生,男,车辆2016-1
1604AG140118,本科生,男,车辆2016-1
1604AG140119,本科生,男,车辆2016-1
1604AG140120,本科生,男,车辆2016-1
1604AG140121,本科生,男,车辆2016-1
1604AG140123,本科生,男,车辆2016-1
1604AG140124,本科生,男,车辆2016-1
1604AG140126,本科生,男,车辆2016-1
1604AG140129,本科生,男,车辆2016-1
1604AG140202,本科生,女,车辆2016-2
1604AG140203,本科生,女,车辆2016-2
1604AG140208,本科生,男,车辆2016-2
1604AG140209,本科生,男,车辆2016-2
1604AG140210,本科生,男,车辆2016-2
1604AG140212,本科生,男,车辆2016-2
1604AG140213,本科生,男,车辆2016-2
1604AG140214,本科生,男,车辆2016-2
1604AG140215,本科生,男,车辆2016-2
1604AG140222,本科生,男,车辆2016-2
1604AG140225,本科生,男,车辆2016-2
1604AG140226,本科生,男,车辆2016-2
1604AG140227,本科生,男,车辆2016-2
1604AG140228,本科生,男,车辆2016-2
1604AH140108,本科生,女,安全2016-1
1604AH140110,本科生,男,安全2016-1
1604AH140111,本科生,男,安全2016-1
1604AH140113,本科生,男,安全2016-1
1604AH140114,本科生,男,安全2016-1
1604AH140115,本科生,男,安全2016-1
1605AE340101,本科生,女,能动2016-1
1605AE340102,本科生,女,能动2016-1
1605AE340103,本科生,女,能动2016-1
1605AE340104,本科生,女,能动2016-1
1605AE340105,本科生,女,能动2016-1
1605AE340106,本科生,女,能动2016-1
1605AE340107,本科生,女,能动2016-1
1605AE340108,本科生,女,能动2016-1
1605AE340109,本科生,男,能动2016-1
1605AE340111,本科生,男,能动2016-1
1605AE340112,本科生,男,能动2016-1
1605AE340113,本科生,男,能动2016-1
1605AE340117,本科生,男,能动2016-1
1605AE340119,本科生,男,能动2016-1
1605AE340129,本科生,男,能动2016-1
1605AE340131,本科生,男,能动2016-1
1605AE340133,本科生,男,能动2016-1
1605AE340201,本科生,女,能动2016-2
1605AE340202,本科生,女,能动2016-2
1605AE340203,本科生,女,能动2016-2
1605AE340204,本科生,女,能动2016-2
1605AE340205,本科生,女,能动2016-2
1605AE340208,本科生,男,能动2016-2
1605AE340213,本科生,男,能动2016-2
1605AE340231,本科生,男,能动2016-2
1605AE340232,本科生,男,能动2016-2
1704AC140101,本科生,男,机自2017-1
1704AC140102,本科生,男,机自2017-1
1704AC140103,本科生,男,机自2017-1
1704AC140104,本科生,男,机自2017-1
1704AC140105,本科生,男,机自2017-1
1704AC140106,本科生,男,机自2017-1
1704AC140107,本科生,男,机自2017-1
1704AC140108,本科生,男,机自2017-1
1704AC140109,本科生,男,机自2017-1
1704AC140110,本科生,男,机自2017-1
1704AC140111,本科生,男,机自2017-1
1704AC140112,本科生,男,机自2017-1
1704AC140113,本科生,男,机自2017-1
1704AC140114,本科生,男,机自2017-1
1704AC140115,本科生,男,机自2017-1
1704AC140116,本科生,男,机自2017-1
1704AC140117,本科生,男,机自2017-1
1704AC140118,本科生,男,机自2017-1
1704AC140119,本科生,男,机自2017-1
1704AC140120,本科生,男,机自2017-1
1704AC140121,本科生,男,机自2017-1
1704AC140122,本科生,男,机自2017-1
1704AC140123,本科生,男,机自2017-1
1704AC140124,本科生,男,机自2017-1
1704AC140125,本科生,男,机自2017-1
1704AC140126,本科生,男,机自2017-1
1704AC140127,本科生,男,机自2017-1
1704AC140128,本科生,男,机自2017-1
1704AC140129,本科生,男,机自2017-1
1704AC140130,本科生,男,机自2017-1
1704AC140131,本科生,男,机自2017-1
1704AC140132,本科生,男,机自2017-1
1704AC140201,本科生,男,机自2017-2
1704AC140202,本科生,男,机自2017-2
1704AC140203,本科生,男,机自2017-2
1704AC140204,本科生,男,机自2017-2
1704AC140205,本科生,男,机自2017-2
1704AC140206,本科生,男,机自2017-2
1704AC140207,本科生,男,机自2017-2
1704AC140208,本科生,男,机自2017-2
1704AC140209,本科生,男,机自2017-2
1704AC140210,本科生,男,机自2017-2
1704AC140211,本科生,男,机自2017-2
1704AC140212,本科生,男,机自2017-2
1704AC140213,本科生,男,机自2017-2
1704AC140214,本科生,男,机自2017-2
1704AC140215,本科生,男,机自2017-2
1704AC140216,本科生,男,机自2017-2
1704AC140217,本科生,男,机自2017-2
1704AC140218,本科生,男,机自2017-2
1704AC140219,本科生,男,机自2017-2
1704AC140220,本科生,男,机自2017-2
1704AC140221,本科生,男,机自2017-2
1704AC140222,本科生,男,机自2017-2
1704AC140223,本科生,男,机自2017-2
1704AC140224,本科生,男,机自2017-2
1704AC140225,本科生,男,机自2017-2
1704AC140226,本科生,男,机自2017-2
1704AC140227,本科生,男,机自2017-2
1704AC140228,本科生,男,机自2017-2
1704AC140229,本科生,男,机自2017-2
1704AC140230,本科生,男,机自2017-2
1704AC140231,本科生,男,机自2017-2
1704AC140232,本科生,男,机自2017-2
1704AC140301,本科生,男,机自2017-3
1704AC140302,本科生,男,机自2017-3
1704AC140303,本科生,男,机自2017-3
1704AC140304,本科生,男,机自2017-3
1704AC140305,本科生,男,机自2017-3
1704AC140306,本科生,男,机自2017-3
1704AC140307,本科生,男,机自2017-3
1704AC140308,本科生,男,机自2017-3
1704AC140309,本科生,男,机自2017-3
1704AC140310,本科生,男,机自2017-3
1704AC140311,本科生,男,机自2017-3
1704AC140312,本科生,男,机自2017-3
1704AC140313,本科生,男,机自2017-3
1704AC140314,本科生,男,机自2017-3
1704AC140315,本科生,男,机自2017-3
1704AC140316,本科生,男,机自2017-3
1704AC140317,本科生,男,机自2017-3
1704AC140318,本科生,男,机自2017-3
1704AC140319,本科生,男,机自2017-3
1704AC140320,本科生,男,机自2017-3
1704AC140321,本科生,男,机自2017-3
1704AC140322,本科生,男,机自2017-3
1704AC140323,本科生,男,机自2017-3
1704AC140324,本科生,男,机自2017-3
1704AC140325,本科生,男,机自2017-3
1704AC140326,本科生,男,机自2017-3
1704AC140327,本科生,男,机自2017-3
1704AC140328,本科生,男,机自2017-3
1704AC140329,本科生,男,机自2017-3
1704AC140330,本科生,男,机自2017-3
1704AC140331,本科生,男,机自2017-3
1704AC140401,本科生,男,机自2017-4
1704AC140402,本科生,男,机自2017-4
1704AC140403,本科生,男,机自2017-4
1704AC140404,本科生,男,机自2017-4
1704AC140405,本科生,男,机自2017-4
1704AC140406,本科生,男,机自2017-4
1704AC140407,本科生,男,机自2017-4
1704AC140408,本科生,男,机自2017-4
1704AC140409,本科生,男,机自2017-4
1704AC140410,本科生,男,机自2017-4
1704AC140411,本科生,男,机自2017-4
1704AC140412,本科生,男,机自2017-4
1704AC140413,本科生,男,机自2017-4
1704AC140414,本科生,男,机自2017-4
1704AC140415,本科生,男,机自2017-4
1704AC140416,本科生,男,机自2017-4
1704AC140417,本科生,男,机自2017-4
1704AC140418,本科生,男,机自2017-4
1704AC140419,本科生,男,机自2017-4
1704AC140420,本科生,男,机自2017-4
1704AC140421,本科生,男,机自2017-4
1704AC140422,本科生,男,机自2017-4
1704AC140423,本科生,男,机自2017-4
1704AC140424,本科生,男,机自2017-4
1704AC140425,本科生,男,机自2017-4
1704AC140426,本科生,男,机自2017-4
1704AC140427,本科生,男,机自2017-4
1704AC140428,本科生,男,机自2017-4
1704AC140429,本科生,男,机自2017-4
1704AC140430,本科生,男,机自2017-4
1704AC140431,本科生,男,机自2017-4
1704AC140501,本科生,男,机自2017-5
1704AC140502,本科生,男,机自2017-5
1704AC140503,本科生,男,机自2017-5
1704AC140504,本科生,男,机自2017-5
1704AC140505,本科生,男,机自2017-5
1704AC140506,本科生,男,机自2017-5
1704AC140507,本科生,男,机自2017-5
1704AC140508,本科生,男,机自2017-5
1704AC140509,本科生,男,机自2017-5
1704AC140510,本科生,男,机自2017-5
1704AC140511,本科生,男,机自2017-5
1704AC140512,本科生,男,机自2017-5
1704AC140513,本科生,男,机自2017-5
1704AC140514,本科生,男,机自2017-5
1704AC140515,本科生,男,机自2017-5
1704AC140516,本科生,男,机自2017-5
1704AC140517,本科生,男,机自2017-5
1704AC140518,本科生,男,机自2017-5
1704AC140519,本科生,男,机自2017-5
1704AC140520,本科生,男,机自2017-5
1704AC140521,本科生,男,机自2017-5
1704AC140522,本科生,男,机自2017-5
1704AC140523,本科生,男,机自2017-5
1704AC140524,本科生,男,机自2017-5
1704AC140525,本科生,男,机自2017-5
1704AC140526,本科生,男,机自2017-5
1704AC140527,本科生,男,机自2017-5
1704AC140528,本科生,男,机自2017-5
1704AC140529,本科生,男,机自2017-5
1704AC140530,本科生,男,机自2017-5
1704AC140531,本科生,男,机自2017-5
1704AC140601,本科生,男,机自2017-6
1704AC140602,本科生,男,机自2017-6
1704AC140603,本科生,男,机自2017-6
1704AC140604,本科生,男,机自2017-6
1704AC140605,本科生,男,机自2017-6
1704AC140606,本科生,男,机自2017-6
1704AC140607,本科生,男,机自2017-6
1704AC140608,本科生,男,机自2017-6
1704AC140609,本科生,男,机自2017-6
1704AC140610,本科生,男,机自2017-6
1704AC140611,本科生,男,机自2017-6
1704AC140612,本科生,男,机自2017-6
1704AC140613,本科生,男,机自2017-6
1704AC140614,本科生,男,机自2017-6
1704AC140615,本科生,男,机自2017-6
1704AC140616,本科生,男,机自2017-6
1704AC140617,本科生,男,机自2017-6
1704AC140618,本科生,男,机自2017-6
1704AC140619,本科生,男,机自2017-6
1704AC140620,本科生,男,机自2017-6
1704AC140621,本科生,男,机自2017-6
1704AC140622,本科生,男,机自2017-6
1704AC140623,本科生,男,机自2017-6
1704AC140624,本科生,男,机自2017-6
1704AC140625,本科生,男,机自2017-6
1704AC140626,本科生,男,机自2017-6
1704AC140627,本科生,男,机自2017-6
1704AC140628,本科生,男,机自2017-6
1704AC140629,本科生,男,机自2017-6
1704AC140630,本科生,男,机自2017-6
1704AC140631,本科生,男,机自2017-6
1704AD140101,本科生,男,材料2017-1
1704AD140102,本科生,男,材料2017-1
1704AD140103,本科生,男,材料2017-1
1704AD140104,本科生,男,材料2017-1
1704AD140105,本科生,男,材料2017-1
1704AD140106,本科生,男,材料2017-1
1704AD140107,本科生,男,材料2017-1
1704AD140108,本科生,男,材料2017-1
1704AD140109,本科生,男,材料2017-1
1704AD140110,本科生,男,材料2017-1
1704AD140111,本科生,男,材料2017-1
1704AD140112,本科生,男,材料2017-1
1704AD140113,本科生,男,材料2017-1
1704AD140114,本科生,男,材料2017-1
1704AD140115,本科生,男,材料2017-1
1704AD140116,本科生,男,材料2017-1
1704AD140117,本科生,男,材料2017-1
1704AD140118,本科生,男,材料2017-1
1704AD140119,本科生,男,材料2017-1
1704AD140120,本科生,男,材料2017-1
1704AD140121,本科生,男,材料2017-1
1704AD140122,本科生,男,材料2017-1
1704AD140123,本科生,男,材料2017-1
1704AD140124,本科生,男,材料2017-1
1704AD140125,本科生,男,材料2017-1
1704AE140101,本科生,男,装备2017-1
1704AE140102,本科生,男,装备2017-1
1704AE140103,本科生,男,装备2017-1
1704AE140104,本科生,男,装备2017-1
1704AE140105,本科生,男,装备2017-1
1704AE140106,本科生,男,装备2017-1
1704AE140107,本科生,男,装备2017-1
1704AE140108,本科生,男,装备2017-1
1704AE140109,本科生,男,装备2017-1
1704AE140110,本科生,男,装备2017-1
1704AE140111,本科生,男,装备2017-1
1704AE140112,本科生,男,装备2017-1
1704AE140113,本科生,男,装备2017-1
1704AE140114,本科生,男,装备2017-1
1704AE140115,本科生,男,装备2017-1
1704AE140116,本科生,男,装备2017-1
1704AE140117,本科生,男,装备2017-1
1704AE140118,本科生,男,装备2017-1
1704AE140119,本科生,男,装备2017-1
1704AE140120,本科生,男,装备2017-1
1704AE140121,本科生,男,装备2017-1
1704AE140122,本科生,男,装备2017-1
1704AE140123,本科生,男,装备2017-1
1704AE140124,本科生,男,装备2017-1
1704AE140125,本科生,男,装备2017-1
1704AE140126,本科生,男,装备2017-1
1704AE140201,本科生,男,装备2017-2
1704AE140202,本科生,男,装备2017-2
1704AE140203,本科生,男,装备2017-2
1704AE140204,本科生,男,装备2017-2
1704AE140205,本科生,男,装备2017-2
1704AE140206,本科生,男,装备2017-2
1704AE140207,本科生,男,装备2017-2
1704AE140208,本科生,男,装备2017-2
1704AE140209,本科生,男,装备2017-2
1704AE140210,本科生,男,装备2017-2
1704AE140211,本科生,男,装备2017-2
1704AE140212,本科生,男,装备2017-2
1704AE140213,本科生,男,装备2017-2
1704AE140214,本科生,男,装备2017-2
1704AE140215,本科生,男,装备2017-2
1704AE140216,本科生,男,装备2017-2
1704AE140217,本科生,男,装备2017-2
1704AE140218,本科生,男,装备2017-2
1704AE140219,本科生,男,装备2017-2
1704AE140220,本科生,男,装备2017-2
1704AE140221,本科生,男,装备2017-2
1704AE140222,本科生,男,装备2017-2
1704AE140223,本科生,男,装备2017-2
1704AE140224,本科生,男,装备2017-2
1704AE140225,本科生,男,装备2017-2
1704AE140301,本科生,男,装备2017-3
1704AE140302,本科生,男,装备2017-3
1704AE140303,本科生,男,装备2017-3
1704AE140304,本科生,男,装备2017-3
1704AE140305,本科生,男,装备2017-3
1704AE140306,本科生,男,装备2017-3
1704AE140307,本科生,男,装备2017-3
1704AE140308,本科生,男,装备2017-3
1704AE140309,本科生,男,装备2017-3
1704AE140310,本科生,男,装备2017-3
1704AE140311,本科生,男,装备2017-3
1704AE140312,本科生,男,装备2017-3
1704AE140313,本科生,男,装备2017-3
1704AE140314,本科生,男,装备2017-3
1704AE140315,本科生,男,装备2017-3
1704AE140316,本科生,男,装备2017-3
1704AE140317,本科生,男,装备2017-3
1704AE140318,本科生,男,装备2017-3
1704AE140319,本科生,男,装备2017-3
1704AE140320,本科生,男,装备2017-3
1704AE140321,本科生,男,装备2017-3
1704AE140322,本科生,男,装备2017-3
1704AE140323,本科生,男,装备2017-3
1704AE140324,本科生,男,装备2017-3
1704AE140325,本科生,男,装备2017-3
1704AE240101,本科生,男,力学2017-1
1704AE240102,本科生,男,力学2017-1
1704AE240103,本科生,男,力学2017-1
1704AE240104,本科生,男,力学2017-1
1704AE240105,本科生,男,力学2017-1
1704AE240106,本科生,男,力学2017-1
1704AE240107,本科生,男,力学2017-1
1704AE240108,本科生,男,力学2017-1
1704AE240109,本科生,男,力学2017-1
1704AE240110,本科生,男,力学2017-1
1704AE240111,本科生,男,力学2017-1
1704AE240112,本科生,男,力学2017-1
1704AE240113,本科生,男,力学2017-1
1704AE240114,本科生,男,力学2017-1
1704AE240115,本科生,男,力学2017-1
1704AE240116,本科生,男,力学2017-1
1704AE240117,本科生,男,力学2017-1
1704AE240118,本科生,男,力学2017-1
1704AE240119,本科生,男,力学2017-1
1704AE240120,本科生,男,力学2017-1
1704AE240121,本科生,男,力学2017-1
1704AE240122,本科生,男,力学2017-1
1704AE240123,本科生,男,力学2017-1
1704AE240124,本科生,男,力学2017-1
1704AE240125,本科生,男,力学2017-1
1704AE240126,本科生,男,力学2017-1
1704AE240127,本科生,男,力学2017-1
1704AE240128,本科生,男,力学2017-1
1704AE240129,本科生,男,力学2017-1
1704AF140101,本科生,男,设计2017-1
1704AF140102,本科生,男,设计2017-1
1704AF140103,本科生,男,设计2017-1
1704AF140104,本科生,男,设计2017-1
1704AF140105,本科生,男,设计2017-1
1704AF140106,本科生,男,设计2017-1
1704AF140107,本科生,男,设计2017-1
1704AF140108,本科生,男,设计2017-1
1704AF140109,本科生,男,设计2017-1
1704AF140110,本科生,男,设计2017-1
1704AF140111,本科生,男,设计2017-1
1704AF140112,本科生,男,设计2017-1
1704AF140113,本科生,男,设计2017-1
1704AF140114,本科生,男,设计2017-1
1704AF140115,本科生,男,设计2017-1
1704AF140116,本科生,男,设计2017-1
1704AF140117,本科生,男,设计2017-1
1704AF140118,本科生,男,设计2017-1
1704AF140119,本科生,男,设计2017-1
1704AF140120,本科生,男,设计2017-1
1704AF140201,本科生,男,设计2017-2
1704AF140202,本科生,男,设计2017-2
1704AF140203,本科生,男,设计2017-2
1704AF140204,本科生,男,设计2017-2
1704AF140205,本科生,男,设计2017-2
1704AF140206,本科生,男,设计2017-2
1704AF140207,本科生,男,设计2017-2
1704AF140208,本科生,男,设计2017-2
1704AF140209,本科生,男,设计2017-2
1704AF140210,本科生,男,设计2017-2
1704AF140211,本科生,男,设计2017-2
1704AF140212,本科生,男,设计2017-2
1704AF140213,本科生,男,设计2017-2
1704AF140214,本科生,男,设计2017-2
1704AF140215,本科生,男,设计2017-2
1704AF140216,本科生,男,设计2017-2
1704AF140217,本科生,男,设计2017-2
1704AF140218,本科生,男,设计2017-2
1704AF140219,本科生,男,设计2017-2
1704AF140220,本科生,男,设计2017-2
1704AG140101,本科生,男,车辆2017-1
1704AG140102,本科生,男,车辆2017-1
1704AG140103,本科生,男,车辆2017-1
1704AG140104,本科生,男,车辆2017-1
1704AG140105,本科生,男,车辆2017-1
1704AG140106,本科生,男,车辆2017-1
1704AG140107,本科生,男,车辆2017-1
1704AG140108,本科生,男,车辆2017-1
1704AG140109,本科生,男,车辆2017-1
1704AG140110,本科生,男,车辆2017-1
1704AG140111,本科生,男,车辆2017-1
1704AG140112,本科生,男,车辆2017-1
1704AG140113,本科生,男,车辆2017-1
1704AG140114,本科生,男,车辆2017-1
1704AG140115,本科生,男,车辆2017-1
1704AG140116,本科生,男,车辆2017-1
1704AG140117,本科生,男,车辆2017-1
1704AG140118,本科生,男,车辆2017-1
1704AG140119,本科生,男,车辆2017-1
1704AG140120,本科生,男,车辆2017-1
1704AG140121,本科生,男,车辆2017-1
1704AG140122,本科生,男,车辆2017-1
1704AG140123,本科生,男,车辆2017-1
1704AG140124,本科生,男,车辆2017-1
1704AG140125,本科生,男,车辆2017-1
1704AG140126,本科生,男,车辆2017-1
1704AG140127,本科生,男,车辆2017-1
1704AG140128,本科生,男,车辆2017-1
1704AG140129,本科生,男,车辆2017-1
1704AG140130,本科生,男,车辆2017-1
1704AG140131,本科生,男,车辆2017-1
1704AG140132,本科生,男,车辆2017-1
1704AG140133,本科生,男,车辆2017-1
1704AG140134,本科生,男,车辆2017-1
1704AG140135,本科生,男,车辆2017-1
1704AG140201,本科生,男,车辆2017-2
1704AG140202,本科生,男,车辆2017-2
1704AG140203,本科生,男,车辆2017-2
1704AG140204,本科生,男,车辆2017-2
1704AG140205,本科生,男,车辆2017-2
1704AG140206,本科生,男,车辆2017-2
1704AG140207,本科生,男,车辆2017-2
1704AG140208,本科生,男,车辆2017-2
1704AG140209,本科生,男,车辆2017-2
1704AG140210,本科生,男,车辆2017-2
1704AG140211,本科生,男,车辆2017-2
1704AG140212,本科生,男,车辆2017-2
1704AG140213,本科生,男,车辆2017-2
1704AG140214,本科生,男,车辆2017-2
1704AG140215,本科生,男,车辆2017-2
1704AG140216,本科生,男,车辆2017-2
1704AG140217,本科生,男,车辆2017-2
1704AG140218,本科生,男,车辆2017-2
1704AG140219,本科生,男,车辆2017-2
1704AG140220,本科生,男,车辆2017-2
1704AG140221,本科生,男,车辆2017-2
1704AG140222,本科生,男,车辆2017-2
1704AG140223,本科生,男,车辆2017-2
1704AG140224,本科生,男,车辆2017-2
1704AG140225,本科生,男,车辆2017-2
1704AG140226,本科生,男,车辆2017-2
1704AG140227,本科生,男,车辆2017-2
1704AG140228,本科生,男,车辆2017-2
1704AG140229,本科生,男,车辆2017-2
1704AG140230,本科生,男,车辆2017-2
1704AG140231,本科生,男,车辆2017-2
1704AG140232,本科生,男,车辆2017-2
1704AG140233,本科生,男,车辆2017-2
1704AG140234,本科生,男,车辆2017-2
1704AH140101,本科生,男,安全2017-1
1704AH140102,本科生,男,安全2017-1
1704AH140103,本科生,男,安全2017-1
1704AH140104,本科生,男,安全2017-1
1704AH140105,本科生,男,安全2017-1
1704AH140106,本科生,男,安全2017-1
1704AH140107,本科生,男,安全2017-1
1704AH140108,本科生,男,安全2017-1
1704AH140109,本科生,男,安全2017-1
1704AH140110,本科生,男,安全2017-1
1704AH140111,本科生,男,安全2017-1
1705AE340101,本科生,男,能动2017-1
1705AE340102,本科生,男,能动2017-1
1705AE340103,本科生,男,能动2017-1
1705AE340104,本科生,男,能动2017-1
1705AE340105,本科生,男,能动2017-1
1705AE340106,本科生,男,能动2017-1
1705AE340107,本科生,男,能动2017-1
1705AE340108,本科生,男,能动2017-1
1705AE340109,本科生,男,能动2017-1
1705AE340110,本科生,男,能动2017-1
1705AE340111,本科生,男,能动2017-1
1705AE340112,本科生,男,能动2017-1
1705AE340113,本科生,男,能动2017-1
1705AE340114,本科生,男,能动2017-1
1705AE340115,本科生,男,能动2017-1
1705AE340116,本科生,男,能动2017-1
1705AE340117,本科生,男,能动2017-1
1705AE340118,本科生,男,能动2017-1
1705AE340201,本科生,男,能动2017-2
1705AE340202,本科生,男,能动2017-2
1705AE340203,本科生,男,能动2017-2
1705AE340204,本科生,男,能动2017-2
1705AE340205,本科生,男,能动2017-2
1705AE340206,本科生,男,能动2017-2
1705AE340207,本科生,男,能动2017-2
1705AE340208,本科生,男,能动2017-2
1705AE340209,本科生,男,能动2017-2
1705AE340210,本科生,男,能动2017-2
1705AE340211,本科生,男,能动2017-2
1705AE340212,本科生,男,能动2017-2
1705AE340213,本科生,男,能动2017-2
1705AE340214,本科生,男,能动2017-2
1705AE340215,本科生,男,能动2017-2
1705AE340216,本科生,男,能动2017-2
1705AE340217,本科生,男,能动2017-2
1705AE340218,本科生,男,能动2017-2
0319HG020138,教师,女,机械科学与工程学院
0619HE010060,教师,女,机械科学与工程学院
0619HJ010040,教师,男,机械科学与工程学院
0719HB010005,教师,女,机械科学与工程学院
0819GH010007,教师,女,机械科学与工程学院
1019GG010009,教师,女,机械科学与工程学院
1219FF010021,教师,女,机械科学与工程学院
1219FH020138,教师,女,机械科学与工程学院
1219HB020009,教师,女,机械科学与工程学院
1219HJ080007,教师,男,机械科学与工程学院
1319HK020060,教师,女,机械科学与工程学院
1819HD020159,教师,女,机械科学与工程学院
1819HE010020,教师,男,机械科学与工程学院
1982BC060621,教师,女,机械科学与工程学院
2019IC010036,教师,女,机械科学与工程学院
2019ID020028,教师,女,机械科学与工程学院
2319HF010201,教师,女,机械科学与工程学院
2319HH010303,教师,女,机械科学与工程学院
2319HJ020304,教师,女,机械科学与工程学院
2319ID010313,教师,女,机械科学与工程学院
2519HG010081,教师,女,机械科学与工程学院
2519ID020054,教师,女,机械科学与工程学院
2519IE050109,教师,男,机械科学与工程学院
2619FD010057,教师,女,机械科学与工程学院
2619HE010170,教师,女,机械科学与工程学院
2619HK010188,教师,女,机械科学与工程学院
2619IC070166,教师,男,机械科学与工程学院
2619IC120162,教师,男,机械科学与工程学院
2619ID020081,教师,女,机械科学与工程学院
2619IF020439,教师,女,机械科学与工程学院
