1106AE140105,本科生,女,电气2011-1
1106AE140204,本科生,女,电气2011-2
1306AD140101,本科生,男,信2013-1
1306AD140102,本科生,男,信2013-1
1306AD140103,本科生,男,信2013-1
1306AD140104,本科生,男,信2013-1
1306AD140106,本科生,男,信2013-1
1306AD140107,本科生,男,信2013-1
1306AD140108,本科生,男,信2013-1
1306AD140109,本科生,男,信2013-1
1306AD140110,本科生,男,信2013-1
1306AD140111,本科生,男,信2013-1
1306AD140112,本科生,男,信2013-1
1306AD140113,本科生,男,信2013-1
1306AD140114,本科生,男,信2013-1
1306AD140116,本科生,男,信2013-1
1306AD140117,本科生,男,信2013-1
1306AD140121,本科生,男,信2013-1
1306AD140123,本科生,男,信2013-1
1306AD140124,本科生,男,信2013-1
1306AD140128,本科生,男,信2013-1
1306AD140129,本科生,男,信2013-1
1306AD140130,本科生,男,信2013-1
1306AD140201,本科生,男,信2013-2
1306AD140202,本科生,男,信2013-2
1306AD140203,本科生,男,信2013-2
1306AD140204,本科生,男,信2013-2
1306AD140205,本科生,男,信2013-2
1306AD140206,本科生,男,信2013-2
1306AD140209,本科生,男,信2013-2
1306AD140210,本科生,男,信2013-2
1306AD140211,本科生,男,信2013-2
1306AD140212,本科生,男,信2013-2
1306AD140213,本科生,男,信2013-2
1306AD140215,本科生,男,信2013-2
1306AD140216,本科生,男,信2013-2
1306AD140219,本科生,男,信2013-2
1306AD140221,本科生,男,信2013-2
1306AD140222,本科生,男,信2013-2
1306AD140225,本科生,男,信2013-2
1306AD140226,本科生,男,信2013-2
1306AD140228,本科生,男,信2013-2
1306AD140229,本科生,男,信2013-2
1306AD140230,本科生,男,信2013-2
1306AE140101,本科生,男,电气2013-1
1306AE140102,本科生,男,电气2013-1
1306AE140103,本科生,男,电气2013-1
1306AE140104,本科生,男,电气2013-1
1306AE140107,本科生,男,电气2013-1
1306AE140109,本科生,男,电气2013-1
1306AE140111,本科生,男,电气2013-1
1306AE140113,本科生,男,电气2013-1
1306AE140114,本科生,男,电气2013-1
1306AE140115,本科生,男,电气2013-1
1306AE140118,本科生,男,电气2013-1
1306AE140119,本科生,男,电气2013-1
1306AE140121,本科生,男,电气2013-1
1306AE140123,本科生,男,电气2013-1
1306AE140124,本科生,男,电气2013-1
1306AE140125,本科生,男,电气2013-1
1306AE140126,本科生,男,电气2013-1
1306AE140128,本科生,男,电气2013-1
1306AE140129,本科生,男,电气2013-1
1306AE140201,本科生,男,电气2013-2
1306AE140202,本科生,男,电气2013-2
1306AE140203,本科生,男,电气2013-2
1306AE140204,本科生,男,电气2013-2
1306AE140205,本科生,男,电气2013-2
1306AE140207,本科生,男,电气2013-2
1306AE140208,本科生,男,电气2013-2
1306AE140209,本科生,男,电气2013-2
1306AE140210,本科生,男,电气2013-2
1306AE140211,本科生,男,电气2013-2
1306AE140213,本科生,男,电气2013-2
1306AE140214,本科生,男,电气2013-2
1306AE140215,本科生,男,电气2013-2
1306AE140216,本科生,男,电气2013-2
1306AE140217,本科生,男,电气2013-2
1306AE140218,本科生,男,电气2013-2
1306AE140219,本科生,男,电气2013-2
1306AE140220,本科生,男,电气2013-2
1306AE140223,本科生,男,电气2013-2
1306AE140224,本科生,男,电气2013-2
1306AE140226,本科生,男,电气2013-2
1306AE140228,本科生,男,电气2013-2
1306AE140301,本科生,男,电气2013-3
1306AE140303,本科生,男,电气2013-3
1306AE140304,本科生,男,电气2013-3
1306AE140305,本科生,男,电气2013-3
1306AE140306,本科生,男,电气2013-3
1306AE140307,本科生,男,电气2013-3
1306AE140308,本科生,男,电气2013-3
1306AE140309,本科生,男,电气2013-3
1306AE140310,本科生,男,电气2013-3
1306AE140311,本科生,男,电气2013-3
1306AE140312,本科生,男,电气2013-3
1306AE140313,本科生,男,电气2013-3
1306AE140314,本科生,男,电气2013-3
1306AE140315,本科生,男,电气2013-3
1306AE140317,本科生,男,电气2013-3
1306AE140318,本科生,男,电气2013-3
1306AE140319,本科生,男,电气2013-3
1306AE140320,本科生,男,电气2013-3
1306AE140321,本科生,男,电气2013-3
1306AE140322,本科生,男,电气2013-3
1306AE140324,本科生,男,电气2013-3
1306AE140326,本科生,男,电气2013-3
1306AE140328,本科生,男,电气2013-3
1307AC140106,本科生,男,信息2013-1
1307AC140108,本科生,男,信息2013-1
1307AC140110,本科生,男,信息2013-1
1307AC140111,本科生,男,信息2013-1
1307AC140112,本科生,男,信息2013-1
1307AC140113,本科生,男,信息2013-1
1307AC140114,本科生,男,信息2013-1
1307AC140115,本科生,男,信息2013-1
1307AC140117,本科生,男,信息2013-1
1307AC140119,本科生,男,信息2013-1
1307AC140124,本科生,男,信息2013-1
1307AC140127,本科生,男,信息2013-1
1307AC140128,本科生,男,信息2013-1
1307AC140201,本科生,男,信息2013-2
1307AC140202,本科生,男,信息2013-2
1307AC140203,本科生,男,信息2013-2
1307AC140204,本科生,男,信息2013-2
1307AC140205,本科生,男,信息2013-2
1307AC140206,本科生,男,信息2013-2
1307AC140207,本科生,男,信息2013-2
1307AC140208,本科生,男,信息2013-2
1307AC140210,本科生,男,信息2013-2
1307AC140211,本科生,男,信息2013-2
1307AC140212,本科生,男,信息2013-2
1307AC140213,本科生,男,信息2013-2
1307AC140215,本科生,男,信息2013-2
1307AC140217,本科生,男,信息2013-2
1307AC140218,本科生,男,信息2013-2
1307AC140219,本科生,男,信息2013-2
1307AC140220,本科生,男,信息2013-2
1307AC140221,本科生,男,信息2013-2
1307AC140225,本科生,男,信息2013-2
1307AC140226,本科生,男,信息2013-2
1307AC140227,本科生,男,信息2013-2
1307AC140228,本科生,男,信息2013-2
1307AC240101,本科生,男,信管2013-1
1307AC240103,本科生,男,信管2013-1
1307AC240104,本科生,男,信管2013-1
1307AC240105,本科生,男,信管2013-1
1307AC240106,本科生,男,信管2013-1
1307AC240107,本科生,男,信管2013-1
1307AC240109,本科生,男,信管2013-1
1307AC240110,本科生,男,信管2013-1
1307AC240111,本科生,男,信管2013-1
1307AC240113,本科生,男,信管2013-1
1307AC240114,本科生,男,信管2013-1
1307AC240115,本科生,男,信管2013-1
1307AC240118,本科生,男,信管2013-1
1307AC240119,本科生,男,信管2013-1
1307AC240121,本科生,男,信管2013-1
1307AC240122,本科生,男,信管2013-1
1307AC240124,本科生,男,信管2013-1
1307AC240125,本科生,男,信管2013-1
1307AC240128,本科生,男,信管2013-1
1310AC140102,本科生,男,信计2013-1
1310AC140103,本科生,男,信计2013-1
1310AC140104,本科生,男,信计2013-1
1310AC140106,本科生,男,信计2013-1
1310AC140108,本科生,男,信计2013-1
1310AC140111,本科生,男,信计2013-1
1310AC140112,本科生,男,信计2013-1
1310AC140113,本科生,男,信计2013-1
1310AC140115,本科生,男,信计2013-1
1310AC140117,本科生,男,信计2013-1
1310AC140118,本科生,男,信计2013-1
1310AC140119,本科生,男,信计2013-1
1310AC140120,本科生,男,信计2013-1
1310AC140126,本科生,男,信计2013-1
1310AC140202,本科生,男,信计2013-2
1310AC140204,本科生,男,信计2013-2
1310AC140205,本科生,男,信计2013-2
1310AC140209,本科生,男,信计2013-2
1310AC140210,本科生,男,信计2013-2
1310AC140212,本科生,男,信计2013-2
1310AC140213,本科生,男,信计2013-2
1310AC140217,本科生,男,信计2013-2
1310AC140218,本科生,男,信计2013-2
1310AC140219,本科生,男,信计2013-2
1310AC140220,本科生,男,信计2013-2
1310AC140221,本科生,男,信计2013-2
1310AC140224,本科生,男,信计2013-2
1310AC140228,本科生,男,信计2013-2
1406AD140101,本科生,女,信2014-1
1406AD140102,本科生,女,信2014-1
1406AD140103,本科生,女,信2014-1
1406AD140104,本科生,女,信2014-1
1406AD140106,本科生,女,信2014-1
1406AD140107,本科生,女,信2014-1
1406AD140108,本科生,女,信2014-1
1406AD140109,本科生,女,信2014-1
1406AD140111,本科生,男,信2014-1
1406AD140113,本科生,男,信2014-1
1406AD140115,本科生,男,信2014-1
1406AD140116,本科生,男,信2014-1
1406AD140117,本科生,男,信2014-1
1406AD140119,本科生,男,信2014-1
1406AD140121,本科生,男,信2014-1
1406AD140122,本科生,男,信2014-1
1406AD140124,本科生,男,信2014-1
1406AD140125,本科生,男,信2014-1
1406AD140127,本科生,男,信2014-1
1406AD140129,本科生,男,信2014-1
1406AD140201,本科生,女,信2014-2
1406AD140202,本科生,女,信2014-2
1406AD140203,本科生,女,信2014-2
1406AD140204,本科生,女,信2014-2
1406AD140205,本科生,女,信2014-2
1406AD140206,本科生,女,信2014-2
1406AD140207,本科生,女,信2014-2
1406AD140208,本科生,女,信2014-2
1406AD140209,本科生,女,信2014-2
1406AD140210,本科生,女,信2014-2
1406AD140212,本科生,男,信2014-2
1406AD140213,本科生,男,信2014-2
1406AD140216,本科生,男,信2014-2
1406AD140217,本科生,男,信2014-2
1406AD140218,本科生,男,信2014-2
1406AD140219,本科生,男,信2014-2
1406AD140221,本科生,男,信2014-2
1406AD140223,本科生,男,信2014-2
1406AD140225,本科生,男,信2014-2
1406AD140228,本科生,男,信2014-2
1406AD140229,本科生,男,信2014-2
1406AD140230,本科生,男,信2014-2
1406AE140101,本科生,女,电气2014-1
1406AE140102,本科生,女,电气2014-1
1406AE140103,本科生,女,电气2014-1
1406AE140104,本科生,女,电气2014-1
1406AE140105,本科生,女,电气2014-1
1406AE140107,本科生,男,电气2014-1
1406AE140108,本科生,男,电气2014-1
1406AE140109,本科生,男,电气2014-1
1406AE140110,本科生,男,电气2014-1
1406AE140111,本科生,男,电气2014-1
1406AE140113,本科生,男,电气2014-1
1406AE140114,本科生,男,电气2014-1
1406AE140115,本科生,男,电气2014-1
1406AE140116,本科生,男,电气2014-1
1406AE140117,本科生,男,电气2014-1
1406AE140118,本科生,男,电气2014-1
1406AE140119,本科生,男,电气2014-1
1406AE140120,本科生,男,电气2014-1
1406AE140121,本科生,男,电气2014-1
1406AE140124,本科生,男,电气2014-1
1406AE140128,本科生,男,电气2014-1
1406AE140131,本科生,男,电气2014-1
1406AE140132,本科生,男,电气2014-1
1406AE140133,本科生,男,电气2014-1
1406AE140202,本科生,女,电气2014-2
1406AE140203,本科生,女,电气2014-2
1406AE140205,本科生,女,电气2014-2
1406AE140206,本科生,女,电气2014-2
1406AE140209,本科生,男,电气2014-2
1406AE140211,本科生,男,电气2014-2
1406AE140212,本科生,男,电气2014-2
1406AE140213,本科生,男,电气2014-2
1406AE140214,本科生,男,电气2014-2
1406AE140216,本科生,男,电气2014-2
1406AE140217,本科生,男,电气2014-2
1406AE140218,本科生,男,电气2014-2
1406AE140219,本科生,男,电气2014-2
1406AE140220,本科生,男,电气2014-2
1406AE140222,本科生,男,电气2014-2
1406AE140223,本科生,男,电气2014-2
1406AE140225,本科生,男,电气2014-2
1406AE140227,本科生,男,电气2014-2
1406AE140228,本科生,男,电气2014-2
1406AE140229,本科生,男,电气2014-2
1406AE140230,本科生,男,电气2014-2
1406AE140233,本科生,男,电气2014-2
1406AE140234,本科生,男,电气2014-2
1406AE140301,本科生,女,电气2014-3
1406AE140303,本科生,女,电气2014-3
1406AE140306,本科生,女,电气2014-3
1406AE140307,本科生,男,电气2014-3
1406AE140308,本科生,男,电气2014-3
1406AE140309,本科生,男,电气2014-3
1406AE140310,本科生,男,电气2014-3
1406AE140311,本科生,男,电气2014-3
1406AE140312,本科生,男,电气2014-3
1406AE140313,本科生,男,电气2014-3
1406AE140314,本科生,男,电气2014-3
1406AE140315,本科生,男,电气2014-3
1406AE140316,本科生,男,电气2014-3
1406AE140320,本科生,男,电气2014-3
1406AE140321,本科生,男,电气2014-3
1406AE140327,本科生,男,电气2014-3
1406AE140328,本科生,男,电气2014-3
1406AE140329,本科生,男,电气2014-3
1406AE140330,本科生,男,电气2014-3
1406AE140332,本科生,男,电气2014-3
1406AE140401,本科生,女,电气2014-4
1406AE140402,本科生,女,电气2014-4
1406AE140403,本科生,女,电气2014-4
1406AE140404,本科生,女,电气2014-4
1406AE140405,本科生,女,电气2014-4
1406AE140406,本科生,女,电气2014-4
1406AE140407,本科生,男,电气2014-4
1406AE140408,本科生,男,电气2014-4
1406AE140412,本科生,男,电气2014-4
1406AE140414,本科生,男,电气2014-4
1406AE140416,本科生,男,电气2014-4
1406AE140417,本科生,男,电气2014-4
1406AE140419,本科生,男,电气2014-4
1406AE140421,本科生,男,电气2014-4
1406AE140423,本科生,男,电气2014-4
1406AE140424,本科生,男,电气2014-4
1406AE140425,本科生,男,电气2014-4
1406AE140427,本科生,男,电气2014-4
1406AE140428,本科生,男,电气2014-4
1406AE140429,本科生,男,电气2014-4
1406AE140431,本科生,男,电气2014-4
1406AE140432,本科生,男,电气2014-4
1407AC140101,本科生,女,信息2014-1
1407AC140102,本科生,女,信息2014-1
1407AC140103,本科生,女,信息2014-1
1407AC140104,本科生,女,信息2014-1
1407AC140105,本科生,女,信息2014-1
1407AC140106,本科生,女,信息2014-1
1407AC140107,本科生,女,信息2014-1
1407AC140108,本科生,女,信息2014-1
1407AC140109,本科生,女,信息2014-1
1407AC140111,本科生,男,信息2014-1
1407AC140113,本科生,男,信息2014-1
1407AC140115,本科生,男,信息2014-1
1407AC140116,本科生,男,信息2014-1
1407AC140117,本科生,男,信息2014-1
1407AC140118,本科生,男,信息2014-1
1407AC140119,本科生,男,信息2014-1
1407AC140120,本科生,男,信息2014-1
1407AC140121,本科生,男,信息2014-1
1407AC140122,本科生,男,信息2014-1
1407AC140123,本科生,男,信息2014-1
1407AC140124,本科生,男,信息2014-1
1407AC140125,本科生,男,信息2014-1
1407AC140127,本科生,男,信息2014-1
1407AC140128,本科生,男,信息2014-1
1407AC140129,本科生,男,信息2014-1
1407AC140201,本科生,女,信息2014-2
1407AC140202,本科生,女,信息2014-2
1407AC140203,本科生,女,信息2014-2
1407AC140204,本科生,女,信息2014-2
1407AC140205,本科生,女,信息2014-2
1407AC140206,本科生,女,信息2014-2
1407AC140208,本科生,女,信息2014-2
1407AC140209,本科生,男,信息2014-2
1407AC140211,本科生,男,信息2014-2
1407AC140212,本科生,男,信息2014-2
1407AC140215,本科生,男,信息2014-2
1407AC140216,本科生,男,信息2014-2
1407AC140217,本科生,男,信息2014-2
1407AC140218,本科生,男,信息2014-2
1407AC140219,本科生,男,信息2014-2
1407AC140220,本科生,男,信息2014-2
1407AC140221,本科生,男,信息2014-2
1407AC140222,本科生,男,信息2014-2
1407AC140223,本科生,男,信息2014-2
1407AC140224,本科生,男,信息2014-2
1407AC140227,本科生,男,信息2014-2
1407AC140228,本科生,男,信息2014-2
1407AC240101,本科生,女,信管2014-1
1407AC240102,本科生,女,信管2014-1
1407AC240103,本科生,女,信管2014-1
1407AC240104,本科生,女,信管2014-1
1407AC240105,本科生,女,信管2014-1
1407AC240106,本科生,女,信管2014-1
1407AC240107,本科生,女,信管2014-1
1407AC240108,本科生,女,信管2014-1
1407AC240109,本科生,女,信管2014-1
1407AC240110,本科生,女,信管2014-1
1407AC240111,本科生,女,信管2014-1
1407AC240112,本科生,女,信管2014-1
1407AC240113,本科生,女,信管2014-1
1407AC240115,本科生,女,信管2014-1
1407AC240116,本科生,女,信管2014-1
1407AC240118,本科生,男,信管2014-1
1407AC240119,本科生,男,信管2014-1
1407AC240122,本科生,男,信管2014-1
1407AC240124,本科生,男,信管2014-1
1407AC240125,本科生,男,信管2014-1
1407AC240126,本科生,男,信管2014-1
1407AC240127,本科生,男,信管2014-1
1407AC240128,本科生,男,信管2014-1
1407AC240129,本科生,男,信管2014-1
1410AC140101,本科生,女,信计2014-1
1410AC140102,本科生,女,信计2014-1
1410AC140104,本科生,女,信计2014-1
1410AC140105,本科生,女,信计2014-1
1410AC140107,本科生,女,信计2014-1
1410AC140108,本科生,女,信计2014-1
1410AC140109,本科生,男,信计2014-1
1410AC140110,本科生,男,信计2014-1
1410AC140113,本科生,男,信计2014-1
1410AC140114,本科生,男,信计2014-1
1410AC140116,本科生,男,信计2014-1
1410AC140117,本科生,男,信计2014-1
1410AC140118,本科生,男,信计2014-1
1410AC140121,本科生,男,信计2014-1
1410AC140123,本科生,男,信计2014-1
1410AC140125,本科生,男,信计2014-1
1410AC140127,本科生,男,信计2014-1
1410AC140128,本科生,男,信计2014-1
1410AC140129,本科生,男,信计2014-1
1410AC140201,本科生,女,信计2014-2
1410AC140202,本科生,女,信计2014-2
1410AC140203,本科生,女,信计2014-2
1410AC140204,本科生,女,信计2014-2
1410AC140205,本科生,女,信计2014-2
1410AC140206,本科生,女,信计2014-2
1410AC140207,本科生,女,信计2014-2
1410AC140209,本科生,男,信计2014-2
1410AC140211,本科生,男,信计2014-2
1410AC140213,本科生,男,信计2014-2
1410AC140214,本科生,男,信计2014-2
1410AC140215,本科生,男,信计2014-2
1410AC140216,本科生,男,信计2014-2
1410AC140217,本科生,男,信计2014-2
1410AC140220,本科生,男,信计2014-2
1410AC140221,本科生,男,信计2014-2
1410AC140222,本科生,男,信计2014-2
1410AC140223,本科生,男,信计2014-2
1410AC140225,本科生,男,信计2014-2
1410AC140226,本科生,男,信计2014-2
1410AC140227,本科生,男,信计2014-2
1410AC140228,本科生,男,信计2014-2
1410AC140229,本科生,男,信计2014-2
1506AD140101,本科生,男,信2015-1
1506AD140102,本科生,男,信2015-1
1506AD140103,本科生,男,信2015-1
1506AD140104,本科生,男,信2015-1
1506AD140106,本科生,男,信2015-1
1506AD140107,本科生,男,信2015-1
1506AD140108,本科生,男,信2015-1
1506AD140110,本科生,男,信2015-1
1506AD140111,本科生,男,信2015-1
1506AD140113,本科生,男,信2015-1
1506AD140114,本科生,男,信2015-1
1506AD140115,本科生,男,信2015-1
1506AD140116,本科生,男,信2015-1
1506AD140117,本科生,男,信2015-1
1506AD140118,本科生,男,信2015-1
1506AD140119,本科生,男,信2015-1
1506AD140120,本科生,男,信2015-1
1506AD140121,本科生,男,信2015-1
1506AD140122,本科生,男,信2015-1
1506AD140123,本科生,男,信2015-1
1506AD140124,本科生,男,信2015-1
1506AD140125,本科生,男,信2015-1
1506AD140126,本科生,男,信2015-1
1506AD140127,本科生,男,信2015-1
1506AD140129,本科生,男,信2015-1
1506AD140130,本科生,男,信2015-1
1506AD140201,本科生,男,信2015-2
1506AD140203,本科生,男,信2015-2
1506AD140209,本科生,男,信2015-2
1506AD140210,本科生,男,信2015-2
1506AD140211,本科生,男,信2015-2
1506AD140212,本科生,男,信2015-2
1506AD140213,本科生,男,信2015-2
1506AD140215,本科生,男,信2015-2
1506AD140216,本科生,男,信2015-2
1506AD140217,本科生,男,信2015-2
1506AD140218,本科生,男,信2015-2
1506AD140219,本科生,男,信2015-2
1506AD140221,本科生,男,信2015-2
1506AD140222,本科生,男,信2015-2
1506AD140224,本科生,男,信2015-2
1506AD140225,本科生,男,信2015-2
1506AD140226,本科生,男,信2015-2
1506AD140227,本科生,男,信2015-2
1506AD140228,本科生,男,信2015-2
1506AD140229,本科生,男,信2015-2
1506AD140230,本科生,男,信2015-2
1506AE140101,本科生,男,电气2015-1
1506AE140102,本科生,男,电气2015-1
1506AE140103,本科生,男,电气2015-1
1506AE140104,本科生,男,电气2015-1
1506AE140107,本科生,男,电气2015-1
1506AE140108,本科生,男,电气2015-1
1506AE140114,本科生,男,电气2015-1
1506AE140116,本科生,男,电气2015-1
1506AE140119,本科生,男,电气2015-1
1506AE140123,本科生,男,电气2015-1
1506AE140124,本科生,男,电气2015-1
1506AE140126,本科生,男,电气2015-1
1506AE140201,本科生,男,电气2015-2
1506AE140202,本科生,男,电气2015-2
1506AE140205,本科生,男,电气2015-2
1506AE140207,本科生,男,电气2015-2
1506AE140209,本科生,男,电气2015-2
1506AE140210,本科生,男,电气2015-2
1506AE140211,本科生,男,电气2015-2
1506AE140213,本科生,男,电气2015-2
1506AE140214,本科生,男,电气2015-2
1506AE140216,本科生,男,电气2015-2
1506AE140217,本科生,男,电气2015-2
1506AE140218,本科生,男,电气2015-2
1506AE140219,本科生,男,电气2015-2
1506AE140220,本科生,男,电气2015-2
1506AE140221,本科生,男,电气2015-2
1506AE140222,本科生,男,电气2015-2
1506AE140224,本科生,男,电气2015-2
1506AE140225,本科生,男,电气2015-2
1506AE140301,本科生,男,电气2015-3
1506AE140304,本科生,男,电气2015-3
1506AE140305,本科生,男,电气2015-3
1506AE140306,本科生,男,电气2015-3
1506AE140307,本科生,男,电气2015-3
1506AE140308,本科生,男,电气2015-3
1506AE140310,本科生,男,电气2015-3
1506AE140314,本科生,男,电气2015-3
1506AE140315,本科生,男,电气2015-3
1506AE140319,本科生,男,电气2015-3
1506AE140326,本科生,男,电气2015-3
1506AE140401,本科生,男,电气2015-4
1506AE140402,本科生,男,电气2015-4
1506AE140403,本科生,男,电气2015-4
1506AE140404,本科生,男,电气2015-4
1506AE140405,本科生,男,电气2015-4
1506AE140406,本科生,男,电气2015-4
1506AE140408,本科生,男,电气2015-4
1506AE140410,本科生,男,电气2015-4
1506AE140413,本科生,男,电气2015-4
1506AE140415,本科生,男,电气2015-4
1506AE140416,本科生,男,电气2015-4
1506AE140418,本科生,男,电气2015-4
1506AE140422,本科生,男,电气2015-4
1506AE140425,本科生,男,电气2015-4
1506AE140501,本科生,男,电气2015-5
1506AE140502,本科生,男,电气2015-5
1506AE140504,本科生,男,电气2015-5
1506AE140505,本科生,男,电气2015-5
1506AE140506,本科生,男,电气2015-5
1506AE140507,本科生,男,电气2015-5
1506AE140510,本科生,男,电气2015-5
1506AE140511,本科生,男,电气2015-5
1506AE140512,本科生,男,电气2015-5
1506AE140524,本科生,男,电气2015-5
1507AC140101,本科生,男,信息2015-1
1507AC140102,本科生,男,信息2015-1
1507AC140103,本科生,男,信息2015-1
1507AC140104,本科生,男,信息2015-1
1507AC140105,本科生,男,信息2015-1
1507AC140106,本科生,男,信息2015-1
1507AC140108,本科生,男,信息2015-1
1507AC140109,本科生,男,信息2015-1
1507AC140110,本科生,男,信息2015-1
1507AC140111,本科生,男,信息2015-1
1507AC140112,本科生,男,信息2015-1
1507AC140114,本科生,男,信息2015-1
1507AC140115,本科生,男,信息2015-1
1507AC140116,本科生,男,信息2015-1
1507AC140117,本科生,男,信息2015-1
1507AC140118,本科生,男,信息2015-1
1507AC140120,本科生,男,信息2015-1
1507AC140123,本科生,男,信息2015-1
1507AC140125,本科生,男,信息2015-1
1507AC140129,本科生,男,信息2015-1
1507AC140201,本科生,男,信息2015-2
1507AC140202,本科生,男,信息2015-2
1507AC140203,本科生,男,信息2015-2
1507AC140204,本科生,男,信息2015-2
1507AC140205,本科生,男,信息2015-2
1507AC140206,本科生,男,信息2015-2
1507AC140207,本科生,男,信息2015-2
1507AC140208,本科生,男,信息2015-2
1507AC140209,本科生,男,信息2015-2
1507AC140210,本科生,男,信息2015-2
1507AC140211,本科生,男,信息2015-2
1507AC140213,本科生,男,信息2015-2
1507AC140214,本科生,男,信息2015-2
1507AC140215,本科生,男,信息2015-2
1507AC140216,本科生,男,信息2015-2
1507AC140217,本科生,男,信息2015-2
1507AC140219,本科生,男,信息2015-2
1507AC140220,本科生,男,信息2015-2
1507AC140222,本科生,男,信息2015-2
1507AC140223,本科生,男,信息2015-2
1507AC140224,本科生,男,信息2015-2
1507AC140225,本科生,男,信息2015-2
1507AC140228,本科生,男,信息2015-2
1507AC240102,本科生,男,信管2015-1
1507AC240103,本科生,男,信管2015-1
1507AC240105,本科生,男,信管2015-1
1507AC240106,本科生,男,信管2015-1
1507AC240109,本科生,男,信管2015-1
1507AC240111,本科生,男,信管2015-1
1507AC240112,本科生,男,信管2015-1
1507AC240113,本科生,男,信管2015-1
1507AC240114,本科生,男,信管2015-1
1507AC240116,本科生,男,信管2015-1
1507AC240117,本科生,男,信管2015-1
1507AC240118,本科生,男,信管2015-1
1507AC240119,本科生,男,信管2015-1
1507AC240120,本科生,男,信管2015-1
1507AC240121,本科生,男,信管2015-1
1507AC240122,本科生,男,信管2015-1
1507AC240123,本科生,男,信管2015-1
1507AC240129,本科生,男,信管2015-1
1510AC140102,本科生,男,信计2015-1
1510AC140103,本科生,男,信计2015-1
1510AC140104,本科生,男,信计2015-1
1510AC140105,本科生,男,信计2015-1
1510AC140108,本科生,男,信计2015-1
1510AC140109,本科生,男,信计2015-1
1510AC140110,本科生,男,信计2015-1
1510AC140111,本科生,男,信计2015-1
1510AC140112,本科生,男,信计2015-1
1510AC140114,本科生,男,信计2015-1
1510AC140115,本科生,男,信计2015-1
1510AC140116,本科生,男,信计2015-1
1510AC140118,本科生,男,信计2015-1
1510AC140119,本科生,男,信计2015-1
1510AC140122,本科生,男,信计2015-1
1510AC140125,本科生,男,信计2015-1
1510AC140127,本科生,男,信计2015-1
1510AC140201,本科生,男,信计2015-2
1510AC140202,本科生,男,信计2015-2
1510AC140203,本科生,男,信计2015-2
1510AC140204,本科生,男,信计2015-2
1510AC140208,本科生,男,信计2015-2
1510AC140209,本科生,男,信计2015-2
1510AC140210,本科生,男,信计2015-2
1510AC140211,本科生,男,信计2015-2
1510AC140213,本科生,男,信计2015-2
1510AC140216,本科生,男,信计2015-2
1510AC140217,本科生,男,信计2015-2
1510AC140226,本科生,男,信计2015-2
1510AC140228,本科生,男,信计2015-2
1606AD140101,本科生,女,信2016-1
1606AD140102,本科生,女,信2016-1
1606AD140103,本科生,女,信2016-1
1606AD140105,本科生,女,信2016-1
1606AD140107,本科生,女,信2016-1
1606AD140108,本科生,女,信2016-1
1606AD140110,本科生,女,信2016-1
1606AD140111,本科生,女,信2016-1
1606AD140114,本科生,女,信2016-1
1606AD140116,本科生,男,信2016-1
1606AD140117,本科生,男,信2016-1
1606AD140118,本科生,男,信2016-1
1606AD140119,本科生,男,信2016-1
1606AD140126,本科生,男,信2016-1
1606AD140128,本科生,男,信2016-1
1606AD140201,本科生,女,信2016-2
1606AD140202,本科生,女,信2016-2
1606AD140203,本科生,女,信2016-2
1606AD140205,本科生,女,信2016-2
1606AD140206,本科生,女,信2016-2
1606AD140207,本科生,女,信2016-2
1606AD140209,本科生,女,信2016-2
1606AD140210,本科生,女,信2016-2
1606AD140211,本科生,女,信2016-2
1606AD140212,本科生,女,信2016-2
1606AD140215,本科生,男,信2016-2
1606AD140216,本科生,男,信2016-2
1606AD140218,本科生,男,信2016-2
1606AD140222,本科生,男,信2016-2
1606AD140224,本科生,男,信2016-2
1606AD140225,本科生,男,信2016-2
1606AD140227,本科生,男,信2016-2
1606AD140229,本科生,男,信2016-2
1606AD140230,本科生,男,信2016-2
1606AE140105,本科生,女,电气2016-1
1606AE140106,本科生,女,电气2016-1
1606AE140107,本科生,男,电气2016-1
1606AE140108,本科生,男,电气2016-1
1606AE140110,本科生,男,电气2016-1
1606AE140112,本科生,男,电气2016-1
1606AE140114,本科生,男,电气2016-1
1606AE140117,本科生,男,电气2016-1
1606AE140118,本科生,男,电气2016-1
1606AE140120,本科生,男,电气2016-1
1606AE140124,本科生,男,电气2016-1
1606AE140126,本科生,男,电气2016-1
1606AE140127,本科生,男,电气2016-1
1606AE140128,本科生,男,电气2016-1
1606AE140129,本科生,男,电气2016-1
1606AE140201,本科生,女,电气2016-2
1606AE140203,本科生,女,电气2016-2
1606AE140204,本科生,女,电气2016-2
1606AE140205,本科生,女,电气2016-2
1606AE140207,本科生,男,电气2016-2
1606AE140208,本科生,男,电气2016-2
1606AE140216,本科生,男,电气2016-2
1606AE140217,本科生,男,电气2016-2
1606AE140219,本科生,男,电气2016-2
1606AE140220,本科生,男,电气2016-2
1606AE140222,本科生,男,电气2016-2
1606AE140223,本科生,男,电气2016-2
1606AE140225,本科生,男,电气2016-2
1606AE140227,本科生,男,电气2016-2
1606AE140229,本科生,男,电气2016-2
1606AE140302,本科生,女,电气2016-3
1606AE140304,本科生,女,电气2016-3
1606AE140305,本科生,女,电气2016-3
1606AE140307,本科生,男,电气2016-3
1606AE140309,本科生,男,电气2016-3
1606AE140312,本科生,男,电气2016-3
1606AE140313,本科生,男,电气2016-3
1606AE140316,本科生,男,电气2016-3
1606AE140321,本科生,男,电气2016-3
1606AE140324,本科生,男,电气2016-3
1606AE140328,本科生,男,电气2016-3
1606AE140329,本科生,男,电气2016-3
1606AE140404,本科生,女,电气2016-4
1606AE140408,本科生,男,电气2016-4
1606AE140409,本科生,男,电气2016-4
1606AE140410,本科生,男,电气2016-4
1606AE140412,本科生,男,电气2016-4
1606AE140413,本科生,男,电气2016-4
1606AE140417,本科生,男,电气2016-4
1606AE140425,本科生,男,电气2016-4
1606AE140501,本科生,女,电气2016-5
1606AE140502,本科生,女,电气2016-5
1606AE140506,本科生,女,电气2016-5
1606AE140507,本科生,男,电气2016-5
1606AE140509,本科生,男,电气2016-5
1606AE140511,本科生,男,电气2016-5
1606AE140512,本科生,男,电气2016-5
1606AE140513,本科生,男,电气2016-5
1606AE140515,本科生,男,电气2016-5
1606AE140516,本科生,男,电气2016-5
1606AE140519,本科生,男,电气2016-5
1606AE140521,本科生,男,电气2016-5
1606AE140522,本科生,男,电气2016-5
1606AE140526,本科生,男,电气2016-5
1606AE140527,本科生,男,电气2016-5
1607AC140102,本科生,女,信息2016-1
1607AC140103,本科生,女,信息2016-1
1607AC140104,本科生,女,信息2016-1
1607AC140105,本科生,女,信息2016-1
1607AC140108,本科生,女,信息2016-1
1607AC140109,本科生,男,信息2016-1
1607AC140110,本科生,男,信息2016-1
1607AC140111,本科生,男,信息2016-1
1607AC140112,本科生,男,信息2016-1
1607AC140113,本科生,男,信息2016-1
1607AC140114,本科生,男,信息2016-1
1607AC140116,本科生,男,信息2016-1
1607AC140117,本科生,男,信息2016-1
1607AC140119,本科生,男,信息2016-1
1607AC140120,本科生,男,信息2016-1
1607AC140122,本科生,男,信息2016-1
1607AC140124,本科生,男,信息2016-1
1607AC140201,本科生,女,信息2016-2
1607AC140206,本科生,女,信息2016-2
1607AC140208,本科生,男,信息2016-2
1607AC140211,本科生,男,信息2016-2
1607AC140212,本科生,男,信息2016-2
1607AC140213,本科生,男,信息2016-2
1607AC140214,本科生,男,信息2016-2
1607AC140218,本科生,男,信息2016-2
1607AC140220,本科生,男,信息2016-2
1607AC140223,本科生,男,信息2016-2
1607AC140224,本科生,男,信息2016-2
1607AC140225,本科生,男,信息2016-2
1607AC140226,本科生,男,信息2016-2
1607AC140227,本科生,男,信息2016-2
1607AC140228,本科生,男,信息2016-2
1607AC240101,本科生,女,信管2016-1
1607AC240102,本科生,女,信管2016-1
1607AC240104,本科生,女,信管2016-1
1607AC240105,本科生,女,信管2016-1
1607AC240106,本科生,女,信管2016-1
1607AC240107,本科生,女,信管2016-1
1607AC240112,本科生,女,信管2016-1
1607AC240113,本科生,女,信管2016-1
1607AC240114,本科生,女,信管2016-1
1607AC240123,本科生,男,信管2016-1
1607AC240130,本科生,男,信管2016-1
1610AC140101,本科生,女,信计2016-1
1610AC140102,本科生,女,信计2016-1
1610AC140104,本科生,女,信计2016-1
1610AC140105,本科生,女,信计2016-1
1610AC140106,本科生,女,信计2016-1
1610AC140107,本科生,女,信计2016-1
1610AC140108,本科生,女,信计2016-1
1610AC140109,本科生,女,信计2016-1
1610AC140111,本科生,女,信计2016-1
1610AC140112,本科生,女,信计2016-1
1610AC140113,本科生,女,信计2016-1
1610AC140114,本科生,女,信计2016-1
1610AC140116,本科生,男,信计2016-1
1610AC140117,本科生,男,信计2016-1
1610AC140118,本科生,男,信计2016-1
1610AC140119,本科生,男,信计2016-1
1610AC140123,本科生,男,信计2016-1
1610AC140124,本科生,男,信计2016-1
1610AC140128,本科生,男,信计2016-1
1610AC140129,本科生,男,信计2016-1
1610AC140201,本科生,女,信计2016-2
1610AC140202,本科生,女,信计2016-2
1610AC140203,本科生,女,信计2016-2
1610AC140204,本科生,女,信计2016-2
1610AC140205,本科生,女,信计2016-2
1610AC140206,本科生,女,信计2016-2
1610AC140207,本科生,女,信计2016-2
1610AC140208,本科生,女,信计2016-2
1610AC140210,本科生,女,信计2016-2
1610AC140211,本科生,女,信计2016-2
1610AC140213,本科生,女,信计2016-2
1610AC140214,本科生,女,信计2016-2
1610AC140215,本科生,男,信计2016-2
1610AC140216,本科生,男,信计2016-2
1610AC140217,本科生,男,信计2016-2
1610AC140218,本科生,男,信计2016-2
1610AC140222,本科生,男,信计2016-2
1610AC140223,本科生,男,信计2016-2
1610AC140224,本科生,男,信计2016-2
1610AC140227,本科生,男,信计2016-2
1610AC140228,本科生,男,信计2016-2
1706AD140101,本科生,男,信2017-1
1706AD140102,本科生,男,信2017-1
1706AD140103,本科生,男,信2017-1
1706AD140104,本科生,男,信2017-1
1706AD140105,本科生,男,信2017-1
1706AD140106,本科生,男,信2017-1
1706AD140107,本科生,男,信2017-1
1706AD140108,本科生,男,信2017-1
1706AD140109,本科生,男,信2017-1
1706AD140110,本科生,男,信2017-1
1706AD140111,本科生,男,信2017-1
1706AD140112,本科生,男,信2017-1
1706AD140113,本科生,男,信2017-1
1706AD140114,本科生,男,信2017-1
1706AD140115,本科生,男,信2017-1
1706AD140116,本科生,男,信2017-1
1706AD140117,本科生,男,信2017-1
1706AD140118,本科生,男,信2017-1
1706AD140119,本科生,男,信2017-1
1706AD140120,本科生,男,信2017-1
1706AD140121,本科生,男,信2017-1
1706AD140122,本科生,男,信2017-1
1706AD140123,本科生,男,信2017-1
1706AD140124,本科生,男,信2017-1
1706AD140125,本科生,男,信2017-1
1706AD140126,本科生,男,信2017-1
1706AD140127,本科生,男,信2017-1
1706AD140128,本科生,男,信2017-1
1706AD140129,本科生,男,信2017-1
1706AD140130,本科生,男,信2017-1
1706AD140131,本科生,男,信2017-1
1706AD140201,本科生,男,信2017-2
1706AD140202,本科生,男,信2017-2
1706AD140203,本科生,男,信2017-2
1706AD140204,本科生,男,信2017-2
1706AD140205,本科生,男,信2017-2
1706AD140206,本科生,男,信2017-2
1706AD140207,本科生,男,信2017-2
1706AD140208,本科生,男,信2017-2
1706AD140209,本科生,男,信2017-2
1706AD140210,本科生,男,信2017-2
1706AD140211,本科生,男,信2017-2
1706AD140212,本科生,男,信2017-2
1706AD140213,本科生,男,信2017-2
1706AD140214,本科生,男,信2017-2
1706AD140215,本科生,男,信2017-2
1706AD140216,本科生,男,信2017-2
1706AD140217,本科生,男,信2017-2
1706AD140218,本科生,男,信2017-2
1706AD140219,本科生,男,信2017-2
1706AD140220,本科生,男,信2017-2
1706AD140221,本科生,男,信2017-2
1706AD140222,本科生,男,信2017-2
1706AD140223,本科生,男,信2017-2
1706AD140224,本科生,男,信2017-2
1706AD140225,本科生,男,信2017-2
1706AD140226,本科生,男,信2017-2
1706AD140227,本科生,男,信2017-2
1706AD140228,本科生,男,信2017-2
1706AD140229,本科生,男,信2017-2
1706AD140230,本科生,男,信2017-2
1706AD140231,本科生,男,信2017-2
1706AE140101,本科生,男,电气2017-1
1706AE140102,本科生,男,电气2017-1
1706AE140103,本科生,男,电气2017-1
1706AE140104,本科生,男,电气2017-1
1706AE140105,本科生,男,电气2017-1
1706AE140106,本科生,男,电气2017-1
1706AE140107,本科生,男,电气2017-1
1706AE140108,本科生,男,电气2017-1
1706AE140109,本科生,男,电气2017-1
1706AE140110,本科生,男,电气2017-1
1706AE140111,本科生,男,电气2017-1
1706AE140112,本科生,男,电气2017-1
1706AE140113,本科生,男,电气2017-1
1706AE140114,本科生,男,电气2017-1
1706AE140115,本科生,男,电气2017-1
1706AE140116,本科生,男,电气2017-1
1706AE140117,本科生,男,电气2017-1
1706AE140118,本科生,男,电气2017-1
1706AE140119,本科生,男,电气2017-1
1706AE140120,本科生,男,电气2017-1
1706AE140121,本科生,男,电气2017-1
1706AE140122,本科生,男,电气2017-1
1706AE140123,本科生,男,电气2017-1
1706AE140124,本科生,男,电气2017-1
1706AE140125,本科生,男,电气2017-1
1706AE140126,本科生,男,电气2017-1
1706AE140127,本科生,男,电气2017-1
1706AE140128,本科生,男,电气2017-1
1706AE140129,本科生,男,电气2017-1
1706AE140130,本科生,男,电气2017-1
1706AE140131,本科生,男,电气2017-1
1706AE140132,本科生,男,电气2017-1
1706AE140201,本科生,男,电气2017-2
1706AE140202,本科生,男,电气2017-2
1706AE140203,本科生,男,电气2017-2
1706AE140204,本科生,男,电气2017-2
1706AE140205,本科生,男,电气2017-2
1706AE140206,本科生,男,电气2017-2
1706AE140207,本科生,男,电气2017-2
1706AE140208,本科生,男,电气2017-2
1706AE140209,本科生,男,电气2017-2
1706AE140210,本科生,男,电气2017-2
1706AE140211,本科生,男,电气2017-2
1706AE140212,本科生,男,电气2017-2
1706AE140213,本科生,男,电气2017-2
1706AE140214,本科生,男,电气2017-2
1706AE140215,本科生,男,电气2017-2
1706AE140216,本科生,男,电气2017-2
1706AE140217,本科生,男,电气2017-2
1706AE140218,本科生,男,电气2017-2
1706AE140219,本科生,男,电气2017-2
1706AE140220,本科生,男,电气2017-2
1706AE140221,本科生,男,电气2017-2
1706AE140222,本科生,男,电气2017-2
1706AE140223,本科生,男,电气2017-2
1706AE140224,本科生,男,电气2017-2
1706AE140225,本科生,男,电气2017-2
1706AE140226,本科生,男,电气2017-2
1706AE140227,本科生,男,电气2017-2
1706AE140228,本科生,男,电气2017-2
1706AE140229,本科生,男,电气2017-2
1706AE140230,本科生,男,电气2017-2
1706AE140231,本科生,男,电气2017-2
1706AE140232,本科生,男,电气2017-2
1706AE140301,本科生,男,电气2017-3
1706AE140302,本科生,男,电气2017-3
1706AE140303,本科生,男,电气2017-3
1706AE140304,本科生,男,电气2017-3
1706AE140305,本科生,男,电气2017-3
1706AE140306,本科生,男,电气2017-3
1706AE140307,本科生,男,电气2017-3
1706AE140308,本科生,男,电气2017-3
1706AE140309,本科生,男,电气2017-3
1706AE140310,本科生,男,电气2017-3
1706AE140311,本科生,男,电气2017-3
1706AE140312,本科生,男,电气2017-3
1706AE140313,本科生,男,电气2017-3
1706AE140314,本科生,男,电气2017-3
1706AE140315,本科生,男,电气2017-3
1706AE140316,本科生,男,电气2017-3
1706AE140317,本科生,男,电气2017-3
1706AE140318,本科生,男,电气2017-3
1706AE140319,本科生,男,电气2017-3
1706AE140320,本科生,男,电气2017-3
1706AE140321,本科生,男,电气2017-3
1706AE140322,本科生,男,电气2017-3
1706AE140323,本科生,男,电气2017-3
1706AE140324,本科生,男,电气2017-3
1706AE140325,本科生,男,电气2017-3
1706AE140326,本科生,男,电气2017-3
1706AE140327,本科生,男,电气2017-3
1706AE140328,本科生,男,电气2017-3
1706AE140329,本科生,男,电气2017-3
1706AE140330,本科生,男,电气2017-3
1706AE140331,本科生,男,电气2017-3
1706AE140332,本科生,男,电气2017-3
1706AE140401,本科生,男,电气2017-4
1706AE140402,本科生,男,电气2017-4
1706AE140403,本科生,男,电气2017-4
1706AE140404,本科生,男,电气2017-4
1706AE140405,本科生,男,电气2017-4
1706AE140406,本科生,男,电气2017-4
1706AE140407,本科生,男,电气2017-4
1706AE140408,本科生,男,电气2017-4
1706AE140409,本科生,男,电气2017-4
1706AE140410,本科生,男,电气2017-4
1706AE140411,本科生,男,电气2017-4
1706AE140412,本科生,男,电气2017-4
1706AE140413,本科生,男,电气2017-4
1706AE140414,本科生,男,电气2017-4
1706AE140415,本科生,男,电气2017-4
1706AE140416,本科生,男,电气2017-4
1706AE140417,本科生,男,电气2017-4
1706AE140418,本科生,男,电气2017-4
1706AE140419,本科生,男,电气2017-4
1706AE140420,本科生,男,电气2017-4
1706AE140421,本科生,男,电气2017-4
1706AE140422,本科生,男,电气2017-4
1706AE140423,本科生,男,电气2017-4
1706AE140424,本科生,男,电气2017-4
1706AE140425,本科生,男,电气2017-4
1706AE140426,本科生,男,电气2017-4
1706AE140427,本科生,男,电气2017-4
1706AE140428,本科生,男,电气2017-4
1706AE140429,本科生,男,电气2017-4
1706AE140430,本科生,男,电气2017-4
1706AE140431,本科生,男,电气2017-4
1706AE140501,本科生,男,电气2017-5
1706AE140502,本科生,男,电气2017-5
1706AE140503,本科生,男,电气2017-5
1706AE140504,本科生,男,电气2017-5
1706AE140505,本科生,男,电气2017-5
1706AE140506,本科生,男,电气2017-5
1706AE140507,本科生,男,电气2017-5
1706AE140508,本科生,男,电气2017-5
1706AE140509,本科生,男,电气2017-5
1706AE140510,本科生,男,电气2017-5
1706AE140511,本科生,男,电气2017-5
1706AE140512,本科生,男,电气2017-5
1706AE140513,本科生,男,电气2017-5
1706AE140514,本科生,男,电气2017-5
1706AE140515,本科生,男,电气2017-5
1706AE140516,本科生,男,电气2017-5
1706AE140517,本科生,男,电气2017-5
1706AE140518,本科生,男,电气2017-5
1706AE140519,本科生,男,电气2017-5
1706AE140520,本科生,男,电气2017-5
1706AE140521,本科生,男,电气2017-5
1706AE140522,本科生,男,电气2017-5
1706AE140523,本科生,男,电气2017-5
1706AE140524,本科生,男,电气2017-5
1706AE140525,本科生,男,电气2017-5
1706AE140526,本科生,男,电气2017-5
1706AE140527,本科生,男,电气2017-5
1706AE140528,本科生,男,电气2017-5
1706AE140529,本科生,男,电气2017-5
1706AE140530,本科生,男,电气2017-5
1706AE140531,本科生,男,电气2017-5
1706AE240101,本科生,男,电网2017-1
1706AE240102,本科生,男,电网2017-1
1706AE240103,本科生,男,电网2017-1
1706AE240104,本科生,男,电网2017-1
1706AE240105,本科生,男,电网2017-1
1706AE240106,本科生,男,电网2017-1
1706AE240107,本科生,男,电网2017-1
1706AE240108,本科生,男,电网2017-1
1706AE240109,本科生,男,电网2017-1
1706AE240110,本科生,男,电网2017-1
1706AE240111,本科生,男,电网2017-1
1706AE240112,本科生,男,电网2017-1
1706AE240113,本科生,男,电网2017-1
1706AE240114,本科生,男,电网2017-1
1706AE240115,本科生,男,电网2017-1
1706AE240116,本科生,男,电网2017-1
1706AE240117,本科生,男,电网2017-1
1706AE240118,本科生,男,电网2017-1
1706AE240119,本科生,男,电网2017-1
1706AE240120,本科生,男,电网2017-1
1706AE240121,本科生,男,电网2017-1
1706AE240122,本科生,男,电网2017-1
1706AE240123,本科生,男,电网2017-1
1706AE240124,本科生,男,电网2017-1
1706AE240125,本科生,男,电网2017-1
1707AC140101,本科生,男,信息2017-1
1707AC140102,本科生,男,信息2017-1
1707AC140103,本科生,男,信息2017-1
1707AC140104,本科生,男,信息2017-1
1707AC140105,本科生,男,信息2017-1
1707AC140106,本科生,男,信息2017-1
1707AC140107,本科生,男,信息2017-1
1707AC140108,本科生,男,信息2017-1
1707AC140109,本科生,男,信息2017-1
1707AC140110,本科生,男,信息2017-1
1707AC140111,本科生,男,信息2017-1
1707AC140112,本科生,男,信息2017-1
1707AC140113,本科生,男,信息2017-1
1707AC140114,本科生,男,信息2017-1
1707AC140115,本科生,男,信息2017-1
1707AC140116,本科生,男,信息2017-1
1707AC140117,本科生,男,信息2017-1
1707AC140118,本科生,男,信息2017-1
1707AC140119,本科生,男,信息2017-1
1707AC140120,本科生,男,信息2017-1
1707AC140121,本科生,男,信息2017-1
1707AC140122,本科生,男,信息2017-1
1707AC140123,本科生,男,信息2017-1
1707AC140124,本科生,男,信息2017-1
1707AC140125,本科生,男,信息2017-1
1707AC140126,本科生,男,信息2017-1
1707AC140127,本科生,男,信息2017-1
1707AC140128,本科生,男,信息2017-1
1707AC140129,本科生,男,信息2017-1
1707AC140130,本科生,男,信息2017-1
1707AC140201,本科生,男,信息2017-2
1707AC140202,本科生,男,信息2017-2
1707AC140203,本科生,男,信息2017-2
1707AC140204,本科生,男,信息2017-2
1707AC140205,本科生,男,信息2017-2
1707AC140206,本科生,男,信息2017-2
1707AC140207,本科生,男,信息2017-2
1707AC140208,本科生,男,信息2017-2
1707AC140209,本科生,男,信息2017-2
1707AC140210,本科生,男,信息2017-2
1707AC140211,本科生,男,信息2017-2
1707AC140212,本科生,男,信息2017-2
1707AC140213,本科生,男,信息2017-2
1707AC140214,本科生,男,信息2017-2
1707AC140215,本科生,男,信息2017-2
1707AC140216,本科生,男,信息2017-2
1707AC140217,本科生,男,信息2017-2
1707AC140218,本科生,男,信息2017-2
1707AC140219,本科生,男,信息2017-2
1707AC140220,本科生,男,信息2017-2
1707AC140221,本科生,男,信息2017-2
1707AC140222,本科生,男,信息2017-2
1707AC140223,本科生,男,信息2017-2
1707AC140224,本科生,男,信息2017-2
1707AC140225,本科生,男,信息2017-2
1707AC140226,本科生,男,信息2017-2
1707AC140227,本科生,男,信息2017-2
1707AC140228,本科生,男,信息2017-2
1707AC140229,本科生,男,信息2017-2
1707AC140230,本科生,男,信息2017-2
1707AC240101,本科生,男,信管2017-1
1707AC240102,本科生,男,信管2017-1
1707AC240103,本科生,男,信管2017-1
1707AC240104,本科生,男,信管2017-1
1707AC240105,本科生,男,信管2017-1
1707AC240106,本科生,男,信管2017-1
1707AC240107,本科生,男,信管2017-1
1707AC240108,本科生,男,信管2017-1
1707AC240109,本科生,男,信管2017-1
1707AC240110,本科生,男,信管2017-1
1707AC240111,本科生,男,信管2017-1
1707AC240112,本科生,男,信管2017-1
1707AC240113,本科生,男,信管2017-1
1707AC240114,本科生,男,信管2017-1
1707AC240115,本科生,男,信管2017-1
1707AC240116,本科生,男,信管2017-1
1707AC240117,本科生,男,信管2017-1
1707AC240118,本科生,男,信管2017-1
1707AC240119,本科生,男,信管2017-1
1707AC240120,本科生,男,信管2017-1
1707AC240121,本科生,男,信管2017-1
1707AC240122,本科生,男,信管2017-1
1707AC240123,本科生,男,信管2017-1
1707AC240124,本科生,男,信管2017-1
1707AC240125,本科生,男,信管2017-1
1707AC240126,本科生,男,信管2017-1
1707AC240127,本科生,男,信管2017-1
1707AC240128,本科生,男,信管2017-1
1707AC240129,本科生,男,信管2017-1
1707AC240130,本科生,男,信管2017-1
1710AC140101,本科生,男,信计2017-1
1710AC140102,本科生,男,信计2017-1
1710AC140103,本科生,男,信计2017-1
1710AC140104,本科生,男,信计2017-1
1710AC140105,本科生,男,信计2017-1
1710AC140106,本科生,男,信计2017-1
1710AC140107,本科生,男,信计2017-1
1710AC140108,本科生,男,信计2017-1
1710AC140109,本科生,男,信计2017-1
1710AC140110,本科生,男,信计2017-1
1710AC140111,本科生,男,信计2017-1
1710AC140112,本科生,男,信计2017-1
1710AC140113,本科生,男,信计2017-1
1710AC140114,本科生,男,信计2017-1
1710AC140115,本科生,男,信计2017-1
1710AC140116,本科生,男,信计2017-1
1710AC140117,本科生,男,信计2017-1
1710AC140118,本科生,男,信计2017-1
1710AC140119,本科生,男,信计2017-1
1710AC140120,本科生,男,信计2017-1
1710AC140121,本科生,男,信计2017-1
1710AC140122,本科生,男,信计2017-1
1710AC140123,本科生,男,信计2017-1
1710AC140124,本科生,男,信计2017-1
1710AC140125,本科生,男,信计2017-1
1710AC140126,本科生,男,信计2017-1
1710AC140127,本科生,男,信计2017-1
1710AC140128,本科生,男,信计2017-1
1710AC140129,本科生,男,信计2017-1
1710AC140130,本科生,男,信计2017-1
1710AC140201,本科生,男,信计2017-2
1710AC140202,本科生,男,信计2017-2
1710AC140203,本科生,男,信计2017-2
1710AC140204,本科生,男,信计2017-2
1710AC140205,本科生,男,信计2017-2
1710AC140206,本科生,男,信计2017-2
1710AC140207,本科生,男,信计2017-2
1710AC140208,本科生,男,信计2017-2
1710AC140209,本科生,男,信计2017-2
1710AC140210,本科生,男,信计2017-2
1710AC140211,本科生,男,信计2017-2
1710AC140212,本科生,男,信计2017-2
1710AC140213,本科生,男,信计2017-2
1710AC140214,本科生,男,信计2017-2
1710AC140215,本科生,男,信计2017-2
1710AC140216,本科生,男,信计2017-2
1710AC140217,本科生,男,信计2017-2
1710AC140218,本科生,男,信计2017-2
1710AC140219,本科生,男,信计2017-2
1710AC140220,本科生,男,信计2017-2
1710AC140221,本科生,男,信计2017-2
1710AC140222,本科生,男,信计2017-2
1710AC140223,本科生,男,信计2017-2
1710AC140224,本科生,男,信计2017-2
1710AC140225,本科生,男,信计2017-2
1710AC140226,本科生,男,信计2017-2
1710AC140227,本科生,男,信计2017-2
1710AC140228,本科生,男,信计2017-2
1710AC140229,本科生,男,信计2017-2
1710AC140230,本科生,男,信计2017-2
0319IC010060,教师,女,电气信息工程学院
0719HK010034,教师,女,电气信息工程学院
0719HK020102,教师,女,电气信息工程学院
0919HC010194,教师,女,电气信息工程学院
1019ID020092,教师,女,电气信息工程学院
1019IK031412,教师,女,电气信息工程学院
1119IC020016,教师,女,电气信息工程学院
1219HI010320,教师,女,电气信息工程学院
1219HI010439,教师,女,电气信息工程学院
1219HJ010209,教师,女,电气信息工程学院
1219IC010487,教师,女,电气信息工程学院
1219JD011737,教师,女,电气信息工程学院
1719IC020009,教师,女,电气信息工程学院
1819GE020014,教师,女,电气信息工程学院
1919ID041512,教师,男,电气信息工程学院
2319HD010083,教师,女,电气信息工程学院
2319HI020034,教师,女,电气信息工程学院
2319ID020328,教师,女,电气信息工程学院
2619HK010225,教师,女,电气信息工程学院
Z640AB98,教授,男,电气信息工程学院
